Entity,Year,Renewables (% equivalent primary energy),Geo Biomass Other - TWh,Solar Generation - TWh,Wind Generation - TWh,Hydro Generation - TWh,Hydro (% equivalent primary energy),Wind Capacity,Wind (% equivalent primary energy),Solar Capacity,Solar (% equivalent primary energy)
Africa,1965,5.7474947,,,0.0,13.905635,5.7474947,,0.0,,
Africa,1966,6.122062,,,0.0,15.510005,6.122062,,0.0,,
Africa,1967,6.325731,,,0.0,16.190636,6.325731,,0.0,,
Africa,1968,7.005293,,,0.0,18.938341,7.005293,,0.0,,
Africa,1969,7.9560876,,,0.0,22.100891,7.9560876,,0.0,,
Africa,1970,9.16206,,,0.0,27.630428,9.16206,,0.0,,
Africa,1971,8.131308,0.164,0.0,0.0,26.01339,8.076341,,0.0,,0.0
Africa,1972,8.7477665,0.165,0.0,0.0,29.633196,8.695498,,0.0,,0.0
Africa,1973,8.542279,0.17,0.0,0.0,31.345707,8.492557,,0.0,,0.0
Africa,1974,9.268067,0.175,0.0,0.0,35.667076,9.219236,,0.0,,0.0
Africa,1975,9.238402,0.172,0.0,0.0,37.717968,9.193146,,0.0,,0.0
Africa,1976,9.416414,0.185,0.0,0.0,41.797634,9.3716345,,0.0,,0.0
Africa,1977,9.803299,0.189,0.0,0.0,45.92877,9.759941,,0.0,,0.0
Africa,1978,9.519681,0.195,0.0,0.0,46.306942,9.476601,,0.0,,0.0
Africa,1979,9.350928,0.201,0.0,0.0,49.56523,9.31017,,0.0,,0.0
Africa,1980,8.486036,0.207,0.0,0.0,48.311787,8.446964,,0.0,,0.0
Africa,1981,7.859502,0.218,0.0,0.0,50.192905,7.8228226,,0.0,,0.0
Africa,1982,7.378185,0.236,0.0,0.0,50.206238,7.3409333,,0.0,,0.0
Africa,1983,6.456583,0.23,0.0,0.0,45.24716,6.421346,,0.0,,0.0
Africa,1984,6.1593933,0.234,0.0,0.0,44.489975,6.124618,,0.0,,0.0
Africa,1985,6.580027,0.269,0.0,0.0,49.449684,6.5416107,,0.0,,0.0
Africa,1986,6.7038097,0.659,0.0,0.0,51.14537,6.6174736,,0.0,,0.0
Africa,1987,6.2346725,0.658,0.0,0.0,49.05646,6.1510053,,0.0,,0.0
Africa,1988,6.3508363,0.626,0.0,0.0,53.593452,6.2762327,,0.0,,0.0
Africa,1989,6.648682,0.617,0.0,0.0,56.27621,6.575383,,0.0,,0.0
Africa,1990,6.568428,0.796,0.0,0.0,57.254658,6.4756594,,0.0,,0.0
Africa,1991,6.9617434,0.812,0.0,0.0,60.65149,6.8665357,,0.0,,0.0
Africa,1992,6.5524845,0.84225,0.0,0.0,57.86029,6.454692,,0.0,,0.0
Africa,1993,6.4210205,0.9377,0.0,0.002,56.682507,6.311711,,0.00022280523,,0.0
Africa,1994,6.2905235,0.835,0.0,0.0054,57.59605,6.1963334,,0.00058110914,,0.0
Africa,1995,6.2837534,1.0187,0.0,0.0063,59.76888,6.174329,,0.0006511559,,0.0
Africa,1996,6.4112005,1.258093,0.0,0.0071,62.31646,6.2783985,,0.00071550993,0.0011124251999999,0.0
Africa,1997,6.44885,1.3866404,0.0,0.0072,63.852497,6.3046694,0.006,0.0007104949,0.0031372757,0.0
Africa,1998,6.657183,1.7125492,0.0,0.0076,66.654884,6.4815254,0.01,0.0007389949,0.0051621259999999,0.0
Africa,1999,6.8363028,1.6961248,0.0,0.0198,70.68426,6.6663065,0.064,0.0018670735,0.008199402,0.0
Africa,2000,7.1749406,2.2690632,0.011941,0.1755,75.25581,6.936677,0.13905,0.01617664,0.010927,0.0011007969
Africa,2001,7.4141307,2.3353527,0.01496,0.41558,80.86911,7.1568594,0.13905,0.036778532,0.013028999,0.001324146
Africa,2002,7.6051617,2.2864,0.016799714,0.44358402,85.02647,7.35356,0.14431,0.03836359,0.015243,0.0014531702
Africa,2003,7.0411763,2.6224,0.020059295,0.535599,82.57461,6.7681456,0.15361,0.04389952,0.018019001,0.0016437006
Africa,2004,6.9333735,2.9788496,0.02456688,0.7682805,87.21947,6.633235,0.23613,0.058429442,0.0219959999999999,0.0018682962
Africa,2005,6.998331,3.0096693,0.029383464,0.7803821,88.83774,6.696118,0.2402,0.058821063,0.025965,0.002214702
Africa,2006,7.123233,3.7704048,0.03791205,0.8525656,92.049355,6.759675,0.327925,0.062608436,0.034268,0.0027837367
Africa,2007,7.0094085,3.1420484,0.050479364,1.0162233,95.19856,6.696656,0.47012,0.0714853,0.046656002,0.0035508324
Africa,2008,6.716138,3.2673957,0.07265389,1.3117782,96.96721,6.39227,0.55532,0.086475015,0.063372997,0.004789645
Africa,2009,6.7757106,3.5627222,0.09582155,1.5892309,99.56114,6.419966,0.74237,0.10247785,0.106845,0.006178744
Africa,2010,7.1018925,3.764553,0.21605176,2.2845824,107.69848,6.694661,0.864797,0.14201224,0.193842,0.013429861
Africa,2011,7.2255993,3.8587685,0.6020893,2.386504,110.75051,6.7864485,0.995002,0.14623758,0.2663879999999999,0.03689415
Africa,2012,6.989345,4.0424066,0.99265915,2.5156302,111.22693,6.525726,1.127604,0.14759299,0.345954,0.05823969
Africa,2013,7.1956143,4.433249,0.7875202,3.5934472,117.65244,6.6739335,1.741834,0.20384131,0.6669729999999999,0.044672735
Africa,2014,7.509692,5.462047,1.9041501,5.060073,124.08204,6.809334,2.399398,0.27768502,1.57312,0.10449535
Africa,2015,7.464454,7.1696815,3.2586064,8.9106865,120.4148,6.4173684,3.320268,0.47488478,1.930761,0.1736639
Africa,2016,7.307821,7.231852,5.3840914,11.176371,117.42635,6.06169,3.826414,0.57693774,2.988417,0.2779333
Africa,2017,7.7397423,7.6260357,7.7734146,12.457454,126.34168,6.3259087,4.5792627,0.6237429,4.711063,0.3892137
Africa,2018,8.169643,8.17267,10.053543,14.769322,134.60007,6.5469427,5.4715527,0.7183791,7.210268,0.48900396
Africa,2019,8.5593,8.262966,12.894289,19.331635,139.4176,6.617261,5.528753,0.91754866,8.415319,0.6120093
Africa,2020,9.624269,8.066416,16.058805,21.302898,146.37308,7.327819,6.4846533,1.0664787,9.703859,0.8039458
Africa,2021,9.555876,8.026317,16.515236,24.41597,153.4187,7.227977,7.334153000000001,1.1503035,10.30226,0.77807826
China,1965,4.253407,0.0,0.0,0.0,22.097,4.253407,,0.0,,0.0
China,1966,3.9831228,0.0,0.0,0.0,22.485907,3.9831228,,0.0,,0.0
China,1967,3.818398,0.0,0.0,0.0,19.383488,3.818398,,0.0,,0.0
China,1968,4.458871,0.0,0.0,0.0,22.870396,4.458871,,0.0,,0.0
China,1969,3.7274022,0.0,0.0,0.0,23.259302,3.7274022,,0.0,,0.0
China,1970,3.0095923,0.0,0.0,0.0,24.037117,3.0095923,,0.0,,0.0
China,1971,3.0704048,0.0,0.0,0.0,29.075233,3.0704048,,0.0,,0.0
China,1972,3.2275975,0.0,0.0,0.0,32.951046,3.2275975,,0.0,,0.0
China,1973,3.417015,0.0,0.0,0.0,36.82686,3.417015,,0.0,,0.0
China,1974,3.7493546,0.0,0.0,0.0,41.674942,3.7493546,,0.0,,0.0
China,1975,3.5038238,0.0,0.0,0.0,43.610638,3.5038238,,0.0,,0.0
China,1976,3.3725684,0.0,0.0,0.0,44.194,3.3725684,,0.0,,0.0
China,1977,3.228714,0.0,0.0,0.0,46.134117,3.228714,,0.0,,0.0
China,1978,2.7594638,0.0,0.0,0.0,43.22615,2.7594638,,0.0,,0.0
China,1979,3.0088992,0.0,0.0,0.0,48.555946,3.0088992,,0.0,,0.0
China,1980,3.5661976,0.0,0.0,0.0,58.221176,3.5661976,,0.0,,0.0
China,1981,4.066497,0.0,0.0,0.0,65.51318,4.066497,,0.0,,0.0
China,1982,4.4212723,0.0,0.0,0.0,74.41386,4.4212723,,0.0,,0.0
China,1983,4.8234906,0.0,0.0,0.0,86.41695,4.8234906,,0.0,,0.0
China,1984,4.515455,0.0,0.0,0.0,86.8147,4.515455,,0.0,,0.0
China,1985,4.44183,0.0,0.0,0.0,92.38756,4.44183,,0.0,,0.0
China,1986,4.3385277,0.0,0.0,0.0,94.548645,4.3385277,,0.0,,0.0
China,1987,4.2555475,0.0,0.0,0.0,100.02428,4.2555475,,0.0,,0.0
China,1988,4.3230724,0.0,0.0,0.0,109.16802,4.3230724,,0.0,,0.0
China,1989,4.468027,0.0,0.0,0.0,118.40898,4.468027,,0.0,,0.0
China,1990,4.7236676,0.064,0.002,0.002020202,126.74397,4.721199,,7.523349e-05,,7.453365e-05
China,1991,4.424778,0.064,0.002,0.009090909,124.68895,4.422177,,0.00032250112,,7.096357e-05
China,1992,4.4127016,0.113,0.003,0.13131313,130.68608,4.404492,,0.004425624,,0.00010099618
China,1993,4.7578607,0.117,0.004,0.21212122,151.84616,4.747567,,0.006632106,,0.00012511939
China,1994,4.952474,0.46,0.005,0.3838384,167.42897,4.926808,,0.011294927,,0.00014705995
China,1995,5.55382,3.014,0.007,0.61616164,190.58,5.4434624,,0.017599184,,0.00019989497
China,1996,5.143133,1.533,0.009,0.093939394,187.97,5.095832,,0.0025466795,0.001,0.00024397188
China,1997,5.361734,2.722,0.011,0.1979798,195.98,5.2773304,0.146,0.005331182,0.0025,0.00029620752
China,1998,5.4277782,2.48,0.014,0.35555556,198.89,5.34623,0.2,0.009557452,0.005,0.00037632405
China,1999,5.188286,2.52,0.017,0.4737374,196.58,5.10523,0.262,0.012303074,0.01,0.0004414947
China,2000,5.656925,2.537,0.022,0.589899,222.41,5.573289,0.341,0.014782058,0.033515,0.0005512908
China,2001,6.618624,2.554,0.031,0.7191919,277.43,6.5358973,0.383,0.016943244,0.03802,0.0007303202
China,2002,6.2804885,2.546,0.048,0.83737373,287.97,6.1892962,0.449,0.017997546,0.05653,0.0010316577
China,2003,5.3011093,2.536,0.064,0.9969697,283.68,5.200834,0.547,0.018277897,0.0665999999999999,0.0011733418
China,2004,5.60094,2.528,0.076,1.2777778,353.544,5.5042586,0.763,0.019893479,0.0766,0.0011832295
China,2005,5.554481,5.322,0.084,1.9460607,397.017,5.4064536,1.06,0.026500845,0.1412,0.0011438854
China,2006,5.5779824,7.133,0.095,3.7118182,435.786,5.3799367,2.07,0.04582375,0.1601999999999999,0.001172809
China,2007,5.718535,9.863,0.114,5.479293,485.264,5.47777,4.2,0.061851494,0.199,0.0012868581
China,2008,7.268667,14.866,0.152,13.1,636.96,6.879183,8.387728,0.14148031,0.253,0.0016416038
China,2009,6.9355316,20.85932,0.279,27.614998,615.644,6.3305826,17.599408,0.2839612,0.4148,0.0028689185
China,2010,7.615998,24.90023,0.701,49.39962,711.3831,6.795924,29.633479,0.4719202,1.0218,0.006696733
China,2011,7.084204,27.632,2.61,74.1,688.045,6.0576506,46.3546,0.65238744,3.1078,0.022978827
China,2012,8.522597,30.133,3.5945098,103.049904,862.7941,7.252299,61.59687,0.8661959,6.7178,0.030214002
China,2013,8.959421,37.133,8.373886,138.26413,909.61224,7.3241687,76.73053,1.1132983,17.747799999999998,0.067426264
China,2014,10.19733,46.26822,23.51216,159.7627,1059.6917,8.24093,96.81913,1.2424304,28.3878,0.18284759
China,2015,10.787498,54.07029,39.48057,185.59145,1114.5154,8.506526,131.04773,1.4165245,43.5378,0.30133498
China,2016,11.530947,62.134766,66.52795,240.8605,1153.2675,8.605503,148.51689000000002,1.7972635,77.7878,0.49642125
China,2017,12.138821,79.59891,117.8,304.6,1165.065,8.354614,164.37448,2.184269,130.80129,0.84473693
China,2018,12.807393,93.72523,176.9,365.8,1198.887,8.221995,184.66488,2.508665,175.01586,1.2131844
China,2019,13.51596,112.72523,224.0,405.3,1272.538,8.39045,209.5819,2.672336,204.5748,1.4769387
China,2020,14.242872,135.625,261.1,466.5,1321.709,8.467438,282.11266,2.9886,253.4178,1.672719
China,2021,14.946244,169.93158,327.0,655.6,1300.0,7.768007,328.97344,3.9174657,306.4028,1.9539526
Denmark,1965,0.04447716,0.0,0.0,0.0,0.025,0.04447716,,0.0,,0.0
Denmark,1966,0.040665347,0.0,0.0,0.0,0.026,0.040665347,,0.0,,0.0
Denmark,1967,0.03888248,0.0,0.0,0.0,0.025,0.03888248,,0.0,,0.0
Denmark,1968,0.031256683,0.0,0.0,0.0,0.021,0.031256683,,0.0,,0.0
Denmark,1969,0.028526576,0.0,0.0,0.0,0.022,0.028526576,,0.0,,0.0
Denmark,1970,0.029206116,0.0,0.0,0.0,0.024,0.029206116,,0.0,,0.0
Denmark,1971,0.030904578,0.0,0.0,0.0,0.024,0.030904578,,0.0,,0.0
Denmark,1972,0.029284108,0.0,0.0,0.0,0.024,0.029284108,,0.0,,0.0
Denmark,1973,0.030267373,0.0,0.0,0.0,0.024,0.030267373,,0.0,,0.0
Denmark,1974,0.033269178,0.0,0.0,0.0,0.024,0.033269178,,0.0,,0.0
Denmark,1975,0.02953616,0.0,0.0,0.0,0.021,0.02953616,,0.0,,0.0
Denmark,1976,0.024274977,0.0,0.0,0.0,0.019,0.024274977,,0.0,,0.0
Denmark,1977,0.03255087,0.0,0.0,0.0,0.026,0.03255087,,0.0,,0.0
Denmark,1978,0.037017047,0.0,0.0,0.003,0.027,0.03331904,,0.0036980065,,0.0
Denmark,1979,0.043281496,0.0,0.0,0.006,0.029,0.035859026,,0.007422473,,0.0
Denmark,1980,0.056611072,0.0,0.0,0.0105,0.0341,0.043283373,,0.013327702,,0.0
Denmark,1981,0.065005064,0.0,0.0,0.0105,0.0355,0.050166965,,0.0148381,,0.0
Denmark,1982,0.07215245,0.0,0.0,0.0185,0.0303,0.044799592,,0.02735285,,0.0
Denmark,1983,0.1496665,0.033,0.0,0.0271,0.0335,0.052105244,,0.04215082,,0.0
Denmark,1984,0.15148832,0.033,0.0,0.0332,0.0302,0.04619994,,0.050789263,,0.0
Denmark,1985,0.16285835,0.036,0.0,0.0514,0.0297,0.040319633,,0.069778785,,0.0
Denmark,1986,0.27791977,0.051,0.0,0.1256,0.0286,0.03798449,,0.16681276,,0.0
Denmark,1987,0.37065881,0.061,0.0,0.1738,0.0294,0.040502828,,0.23943487,,0.0
Denmark,1988,0.5722486,0.08,0.0,0.2917,0.0328,0.045683615,,0.40627816,,0.0
Denmark,1989,0.88691425,0.126,0.0,0.4284,0.0229,0.03458119,,0.6469255,,0.0
Denmark,1990,1.2664866,0.21,0.0,0.6103,0.028,0.040995948,,0.89356387,,0.0
Denmark,1991,1.4587734,0.355,0.0,0.7401,0.0254,0.032255232,,0.9398467,,0.0
Denmark,1992,2.040864,0.521,0.0,0.9154,0.0277,0.037549194,,1.2408856,,0.0
Denmark,1993,2.3619852,0.728,0.0,1.0342,0.0275,0.035156038,,1.3221223,,0.0
Denmark,1994,2.1321414,0.5733997,0.0,1.137,0.0326,0.038861305,,1.3553784,,0.0
Denmark,1995,2.313322,0.64684045,0.0,1.1773,0.0303,0.036777273,,1.4289747,,0.0
Denmark,1996,2.1877265,0.8321832,0.000161111,1.2269,0.0193,0.019686852,,1.2514898,0.0,0.00016481409
Denmark,1997,3.3808846,0.9756674,0.000319444,1.9342,0.0192,0.021587303,1.116,2.174697,0.0,0.00035910713
Denmark,1998,4.675769,1.078157,0.0004,2.8199,0.0273,0.031820495,1.42,3.2868345,0.0,0.0004664461
Denmark,1999,5.3890667,1.3189089,0.000880556,3.029,0.0305,0.03665453,1.738,3.64022,0.0,0.0010578296
Denmark,2000,7.0956745,1.2996056,0.0012,4.2412,0.0302,0.037756357,2.390015,5.302391,0.001,0.0015032829
Denmark,2001,7.4025154,1.5115592,0.0012,4.3060193,0.0276,0.034181036,2.497153,5.3327537,0.001,0.0014871553
Denmark,2002,8.586957,1.8791215,0.001280556,4.876939,0.0318,0.03920454,2.894531,6.012524,0.002,0.0015839129
Denmark,2003,9.462801,2.4933515,0.001519444,5.5607834,0.0212,0.024088817,3.1199160000000004,6.3185363,0.002,0.0017304479
Denmark,2004,11.729121,2.9107547,0.001838889,6.5831113,0.0265,0.031600803,3.1237120000000003,7.8502374,0.002,0.0021955378
Denmark,2005,12.488843,3.1742494,0.002161111,6.614,0.0225,0.027610164,3.127836,8.116144,0.003,0.002654629
Denmark,2006,10.61084,3.0699494,0.002213889,6.1079583,0.0234,0.025924176,3.135696,6.7668257,0.003,0.0024550948
Denmark,2007,12.42254,3.105064,0.002494444,7.1712,0.0282,0.032717396,3.124214,8.319968,0.003,0.0028949417
Denmark,2008,12.6056,3.1405714,0.002622222,6.9278,0.0258,0.030903442,3.16287,8.298179,0.003,0.0031377298
Denmark,2009,13.32837,3.3202577,0.00375,6.7205,0.0189,0.023903713,3.482087,8.499737,0.005,0.0047426005
Denmark,2010,15.651074,4.5939307,0.006161111,7.809422,0.020641668,0.024624279,3.801829,9.316188,0.007,0.007354345
Denmark,2011,18.64669,4.375025,0.015130556,9.774183,0.016869444,0.021155668,3.951981,12.257635,0.017,0.01897498
Denmark,2012,20.934052,4.4460053,0.10386111,10.269938,0.017475,0.023499275,4.161941,13.810377,0.402,0.13966602
Denmark,2013,21.378275,4.313503,0.51754165,11.123275,0.013419444,0.017172022,4.818923,14.233751,0.5710000000000001,0.6622653
Denmark,2014,24.633705,4.3018527,0.5955167,13.078503,0.015102778,0.019833459,4.8864030000000005,17.175076,0.607,0.78205
Denmark,2015,26.659948,4.200628,0.6042611,14.133092,0.018030556,0.024357768,5.0769660000000005,19.092604,0.7821079999999999,0.8163053
Denmark,2016,25.71348,4.845242,0.74378055,12.781731,0.019272221,0.025646672,5.245142,17.009382,0.850953,0.98979145
Denmark,2017,30.301117,6.248558,0.7514861,14.78,0.017872222,0.023500083,5.488949,19.434185,0.90635,0.9881272
Denmark,2018,29.154387,5.890091,0.952973,13.901956,0.014861111,0.019714953,6.115046,18.442577,0.998,1.2642307
Denmark,2019,32.79566,5.949397,0.9632695,16.149834,0.016955,0.02284987,6.102939999999999,21.764833,1.08,1.2981805
Denmark,2020,37.272453,5.92386,1.180532,16.330214,0.017064,0.025720373,6.259455,24.614344,1.304294,1.7794024
Denmark,2021,39.24958,8.734226,1.2779185,16.031755,0.0163087,0.02287643,7.013565,22.487892,1.540294,1.7925481
France,1965,10.584984,0.0,0.0,0.0,46.881092,10.584984,,0.0,,0.0
France,1966,11.602393,0.39,0.0,0.0,52.20847,11.509577,,0.0,,0.0
France,1967,9.537199,0.605,0.0,0.0,45.37766,9.401877,,0.0,,0.0
France,1968,10.09288,0.926,0.0,0.0,50.42261,9.896674,,0.0,,0.0
France,1969,9.634168,1.067,0.0,0.0,52.94209,9.429019,,0.0,,0.0
France,1970,9.537436,1.3702458,0.0,0.0,56.681484,9.294863,,0.0,,0.0
France,1971,7.9428425,1.3918225,0.0,0.0,48.856724,7.7058578,,0.0,,0.0
France,1972,7.446317,1.5151953,0.0,0.0,48.831467,7.20497,,0.0,,0.0
France,1973,6.7090616,1.5500864,0.0,0.0,47.696262,6.481657,,0.0,,0.0
France,1974,8.01622,1.5770591,0.0,0.0,56.230286,7.780643,,0.0,,0.0
France,1975,9.053055,1.4158849,0.0,0.0,60.107937,8.828549,,0.0,,0.0
France,1976,6.8996778,1.3329,0.0,0.0,48.56463,6.70113,,0.0,,0.0
France,1977,10.595119,1.3745815,0.0,0.0,76.322975,10.39305,,0.0,,0.0
France,1978,9.109527,1.4183881,0.0,0.0,68.35983,8.909949,,0.0,,0.0
France,1979,8.611678,1.4840102,0.0,0.0,66.419136,8.408854,,0.0,,0.0
France,1980,9.114398,1.4710236,0.0,0.0,69.52675,8.910869,,0.0,,0.0
France,1981,9.551752,1.4921525,0.0,0.0,72.19517,9.343281,,0.0,,0.0
France,1982,9.705157,1.52734,0.0,0.0,70.57486,9.483593,,0.0,,0.0
France,1983,9.325617,1.5587,0.0,0.0,69.443016,9.104992,,0.0,,0.0
France,1984,8.554503,1.6223,0.0,0.0,65.69011,8.332356,,0.0,,0.0
France,1985,7.887791,1.65215,0.0,0.0,62.453335,7.668782,,0.0,,0.0
France,1986,7.7647924,1.6628,0.0,0.0,63.010845,7.549715,,0.0,,0.0
France,1987,8.584645,1.7506,0.0,0.0,71.087555,8.362334,,0.0,,0.0
France,1988,9.174313,1.77325,0.0,0.0,77.11729,8.952092,,0.0,,0.0
France,1989,5.5997367,1.84145,0.0,0.0,46.842293,5.3717656,,0.0,,0.0
France,1990,6.222641,1.913,0.0,0.000271526,53.866,5.992851,,3.0203992e-05,,0.0
France,1991,6.2665405,2.102,0.0,0.000489604,57.602,6.0289803,,5.1226154e-05,,0.0
France,1992,7.399244,2.134,0.001488,0.000489604,68.956,7.157376,,5.0800405e-05,,0.00015444885
France,1993,6.9688835,1.974,0.001683,0.00240218,64.895,6.734607,,0.0002495679,,0.00017450257
France,1994,8.563506,2.157,0.0018785,0.004704,78.794,8.27928,,0.00049452117,,0.00019741362
France,1995,7.823903,2.329,0.00204,0.0047142,73.119,7.504825,,0.00048401835,,0.00020922704
France,1996,6.882894,2.423,0.0026503,0.0074302,66.044,6.5358534,,0.00073534844,0.004,0.00026215962
France,1997,6.803889,2.675,0.0034068,0.0111284,63.764,6.3971257,0.013,0.0011164609,0.006,0.0003421084
France,1998,6.470214,2.653,0.0040885,0.0194972,62.093,6.089973,0.021,0.0019122529,0.008,0.00040078338
France,1999,7.388863,2.853,0.0045475,0.03694443,72.514,6.9885454,0.025,0.00356052,0.009,0.00043818555
France,2000,6.7445607,2.986,0.00522325,0.048,66.363,6.3152604,0.038,0.004567796,0.007,0.0004970359
France,2001,7.405367,3.334,0.0061605,0.131,74.268,6.93655,0.066,0.012235258,0.007,0.00057579303
France,2002,6.175621,3.537,0.00710345,0.265,60.397,5.6627903,0.138,0.024846254,0.008,0.0006656439
France,2003,5.962182,3.717,0.0077673,0.388,58.943,5.435075,0.218,0.035777085,0.009,0.0007162672
France,2004,5.970315,3.782,0.008447984,0.595,59.555,5.4121256,0.358,0.054071266,0.011,0.0007673786
France,2005,5.365334,3.872,0.01050076,0.962,51.48,4.676072,0.6900000000000001,0.08738115,0.013,0.00095381454
France,2006,5.969732,3.841,0.01190605,2.182,56.303,5.123061,1.412,0.19854215,0.015,0.0010833412
France,2007,6.6387134,4.216,0.018,4.07,57.604,5.30155,2.223,0.37458006,0.026,0.001656621
France,2008,7.6322675,4.436,0.042,5.694,63.654,5.803908,3.403,0.5191732,0.08,0.0038295197
France,2009,7.70645,4.578,0.174,7.912,56.994,5.4697347,4.582,0.7593175,0.277,0.016698845
France,2010,8.220292,4.917,0.62,9.945,62.714,5.8066397,5.912,0.92079973,1.044,0.057405315
France,2011,7.185518,5.48,2.078,12.052,44.791,4.288427,6.758016,1.1538953,3.003574,0.19895405
France,2012,9.137363,6.3471003,4.016,15.107985,58.78245,5.5905185,7.607496,1.4368485,4.358754,0.38194263
France,2013,10.4594345,7.80987,4.735,16.054344,70.84405,6.6261725,8.155961,1.5015919,5.277289,0.44287318
France,2014,10.459279,8.320374,5.913,17.250189,62.829517,6.0971355,9.201425,1.674002,6.034418,0.57381254
France,2015,10.147399,8.844254,7.2631626,21.350168,54.556957,5.2318974,10.29818,2.0474362,7.137517,0.696522
France,2016,10.975246,9.635901,8.164943,21.307964,59.923428,5.8102303,11.566564,2.0660396,7.702081000000001,0.79168034
France,2017,10.437264,10.333821,9.102625,24.54369,48.964455,4.75486,13.499357,2.3833985,8.610437,0.8839415
France,2018,12.132495,10.550078,10.411551,28.53087,63.915768,6.058622,14.900146,2.7044618,9.672296,0.98691845
France,2019,12.384905,10.743961,11.747336,34.61536,56.027714,5.405574,16.456854,3.3397024,10.807874,1.1333872
France,2020,14.788747,10.668056,12.925406,39.74983,61.17179,6.5299044,17.484002,4.2431736,12.022225,1.3797481
France,2021,13.671011,11.1924715,14.605709,36.96734,57.966537,5.8052735,18.676002,3.7022312,14.709225,1.4627429
Germany,1965,1.614503,0.0,0.0,0.0,16.21221,1.614503,,0.0,,0.0
Germany,1966,1.7416129,0.0,0.0,0.0,17.533998,1.7416129,,0.0,,0.0
Germany,1967,1.6582538,0.0,0.0,0.0,16.652311,1.6582538,,0.0,,0.0
Germany,1968,1.5761398,0.0,0.0,0.0,16.89899,1.5761398,,0.0,,0.0
Germany,1969,1.1857672,0.0,0.0,0.0,13.713478,1.1857672,,0.0,,0.0
Germany,1970,1.5171292,0.92002016,0.0,0.0,17.533678,1.4357978,,0.0,,0.0
Germany,1971,1.1796806,1.0010282,0.0,0.0,13.455188,1.0919782,,0.0,,0.0
Germany,1972,1.1219959,1.0187488,0.0,0.0,13.205894,1.0357395,,0.0,,0.0
Germany,1973,1.2137141,1.0531049,0.0,0.0,15.229462,1.1294044,,0.0,,0.0
Germany,1974,1.4188614,1.07625,0.0,0.0,17.638132,1.3311741,,0.0,,0.0
Germany,1975,1.4353294,1.1247102,0.0,0.0,17.059124,1.3399583,,0.0,,0.0
Germany,1976,1.1208524,1.2776853,0.0,0.0,13.846833,1.0193156,,0.0,,0.0
Germany,1977,1.3967295,1.2465839,0.0,0.0,17.58216,1.2974242,,0.0,,0.0
Germany,1978,1.408961,1.317466,0.0,0.0,18.362234,1.3076738,,0.0,,0.0
Germany,1979,1.3454018,1.4433178,0.0,0.0,18.383686,1.2402805,,0.0,,0.0
Germany,1980,1.4781905,1.9662538,0.0,0.0,19.069143,1.3301288,,0.0,,0.0
Germany,1981,1.5739785,1.8042376,0.0,0.0,19.914673,1.4337504,,0.0,,0.0
Germany,1982,1.6178513,1.798813,0.0,0.0,19.737993,1.4729381,,0.0,,0.0
Germany,1983,1.4992614,1.5402381,0.0,0.0,18.712017,1.3769088,,0.0,,0.0
Germany,1984,1.4371842,1.6429448,0.0,0.0,18.479174,1.3113233,,0.0,,0.0
Germany,1985,1.3216147,1.6440297,0.0,0.0,17.40065,1.1992912,,0.0,,0.0
Germany,1986,1.4105299,1.5955696,0.0,0.001,18.571981,1.2907481,,6.92049e-05,,0.0
Germany,1987,1.5094993,1.4458493,0.0,0.002,20.34297,1.4018048,,0.00013787978,,0.0
Germany,1988,1.5009333,1.6378818,0.0,0.008,20.079391,1.3789544,,0.00054965063,,0.0
Germany,1989,1.3991727,1.7492679,0.0,0.026,18.243729,1.2662935,,0.0018046536,,0.0
Germany,1990,1.33694,1.435,0.001,0.071,17.335,1.222604,,0.00500749,,7.022886e-05
Germany,1991,1.2709577,1.511,0.001,0.1,15.85,1.1457437,,0.007228666,,7.1979994e-05
Germany,1992,1.5204551,1.562,0.002,0.275,18.635,1.374379,,0.020281952,,0.00014757218
Germany,1993,1.5835441,1.663,0.003,0.6,18.96,1.4045883,,0.044449,,0.00022199804
Germany,1994,1.7396334,1.906,0.004,0.909,20.195,1.5102125,,0.06797639,,0.000299262
Germany,1995,1.8891898,2.049,0.005,1.5,21.556,1.6036263,,0.11159026,,0.00037178717
Germany,1996,1.6823945,2.143,0.006,2.032,18.818,1.3552536,,0.14634264,0.028,0.00043231042
Germany,1997,1.8035167,2.297,0.011,2.966,18.952,1.3826368,2.089,0.21638356,0.042,0.0008025029
Germany,1998,1.970565,2.718,0.015,4.489,19.002,1.3978573,2.877,0.33022738,0.054,0.0011034524
Germany,1999,2.2275858,2.94,0.019,5.528,20.686,1.5432659,4.4350000000000005,0.41241297,0.07,0.0014174826
Germany,2000,2.8871117,3.4,0.0,9.5,24.9,1.8461816,6.095,0.7043665,0.114,0.0
Germany,2001,2.9411676,5.2,0.1,10.5,23.2,1.6775793,8.754,0.75924927,0.195,0.0072309473
Germany,2002,3.538632,6.4,0.2,15.8,23.7,1.7243558,12.001,1.1495706,0.26,0.014551527
Germany,2003,3.6419897,8.948651,0.313,19.087,18.321198,1.3248755,14.381,1.3802536,0.435,0.022634221
Germany,2004,4.5165977,10.635514,0.557,26.019,20.745722,1.4908614,16.419,1.8698179,1.105,0.040028
Germany,2005,5.2084193,14.7062,1.308,27.774,19.638,1.41905,18.248,2.0069606,2.056,0.09451661
Germany,2006,6.0263047,18.9344,2.265,31.324,20.031,1.4030259,20.474,2.1940184,2.899,0.15864678
Germany,2007,7.6538334,24.6164,3.137,40.507,21.17,1.5374829,22.116,2.941843,4.17,0.22782634
Germany,2008,7.8176284,28.0316,4.508,41.385,20.443,1.459999,22.794,2.9556358,6.12,0.32195252
Germany,2009,8.45428,30.9048,6.715,39.42,19.031,1.4394774,25.732,2.981672,10.564,0.50791293
Germany,2010,8.792469,33.9517,11.963,38.547,20.953,1.5116826,26.903,2.7810256,18.004,0.8630869
Germany,2011,10.566965,36.9098,19.991,49.857,17.671,1.3137597,28.712,3.7066445,25.914,1.4862412
Germany,2012,11.899699,43.2284,26.744,51.68,21.755,1.5856501,30.979,3.7667844,34.075,1.9492818
Germany,2013,12.063335,45.593,30.621,52.737,22.998,1.6202364,33.477000000000004,3.715384,36.708,2.1572857
Germany,2014,13.278847,48.385,34.558,58.497,19.587,1.4310244,38.614,4.273785,37.898,2.5248044
Germany,2015,14.823544,50.459,37.171,80.624,18.977,1.3525369,44.58,5.746268,39.222,2.6492674
Germany,2016,14.607312,51.103,36.67,79.924,20.546,1.4321636,49.435,5.5711207,40.677,2.5560908
Germany,2017,16.196213,51.08,37.893,105.693,20.15,1.3784059,55.58,7.2301664,42.291,2.5921555
Germany,2018,17.084951,50.972,43.459,109.951,17.693,1.2341868,58.721,7.6697044,45.156,3.0315113
Germany,2019,18.768305,50.323,44.383,125.894,19.731,1.407511,60.742,8.980649,48.912,3.1660612
Germany,2020,21.122828,51.092,48.641,132.102,18.322,1.4019129,62.188,10.107821,53.719,3.7217796
Germany,2021,19.453121,50.9,49.0,117.7,19.1,1.423246,63.76,8.770474,58.459,3.65126
India,1965,9.149455,0.0,0.0,0.0,19.166937,9.149455,,0.0,,0.0
India,1966,9.270712,0.0,0.0,0.0,20.015463,9.270712,,0.0,,0.0
India,1967,10.058605,0.0,0.0,0.0,22.39752,10.058605,,0.0,,0.0
India,1968,10.8575325,0.0,0.0,0.0,25.849072,10.8575325,,0.0,,0.0
India,1969,10.873967,0.0,0.0,0.0,28.699583,10.873967,,0.0,,0.0
India,1970,11.78412,0.0,0.0,0.0,30.436407,11.78412,,0.0,,0.0
India,1971,12.426771,0.0,0.0,0.0,33.384148,12.426771,,0.0,,0.0
India,1972,11.463117,0.0,0.0,0.0,32.40304,11.463117,,0.0,,0.0
India,1973,11.957463,0.0,0.0,0.0,34.506676,11.957463,,0.0,,0.0
India,1974,10.860853,0.0,0.0,0.0,33.202953,10.860853,,0.0,,0.0
India,1975,12.067704,0.0,0.0,0.0,39.668533,12.067704,,0.0,,0.0
India,1976,12.036798,0.0,0.0,0.0,41.498165,12.036798,,0.0,,0.0
India,1977,12.415875,0.0,0.0,0.0,45.276752,12.415875,,0.0,,0.0
India,1978,14.818278,0.0,0.0,0.0,56.17499,14.818278,,0.0,,0.0
India,1979,13.540278,0.0,0.0,0.0,54.168587,13.540278,,0.0,,0.0
India,1980,13.453117,0.0,0.0,0.0,55.441372,13.453117,,0.0,,0.0
India,1981,12.948172,0.0,0.0,0.0,59.08296,12.948172,,0.0,,0.0
India,1982,11.035112,0.0,0.0,0.0,49.859673,11.035112,,0.0,,0.0
India,1983,10.110921,0.0,0.0,0.0,48.043297,10.110921,,0.0,,0.0
India,1984,10.576085,0.0,0.0,0.0,53.682453,10.576085,,0.0,,0.0
India,1985,9.670784,0.0,0.0,0.0,51.813046,9.670784,,0.0,,0.0
India,1986,9.167619,0.0,0.0,0.0,52.568764,9.167619,,0.0,,0.0
India,1987,8.030696,0.0,0.0,0.0,48.962532,8.030696,,0.0,,0.0
India,1988,8.2299185,0.0,0.0,0.0,54.614944,8.2299185,,0.0,,0.0
India,1989,8.742304,0.0,0.0,0.0,63.369778,8.742304,,0.0,,0.0
India,1990,8.542831,0.037586335,0.0,0.03030303,66.397064,8.533721,,0.0038947186,,0.0
India,1991,9.029864,0.09507132,0.0,0.11291,73.918884,9.003611,,0.01375288,,0.0
India,1992,8.140623,0.11939189,0.0,0.08847,70.060745,8.115446,,0.010247868,,0.0
India,1993,8.035937,0.25204954,0.0,0.09477,70.7325,7.994472,,0.010711289,,0.0
India,1994,8.667226,0.3802853,0.0,0.19128,80.21211,8.602682,,0.020514613,,0.0
India,1995,7.6867676,0.56379503,0.001010101,0.49647,75.920876,7.5763845,,0.049544312,,0.0001012447
India,1996,6.789633,0.75614864,0.006060606,0.87838,69.05754,6.626439,,0.08428524,0.0,0.000581402
India,1997,6.5708995,0.9816667,0.006060606,0.988,70.211006,6.38415,0.94,0.08983692,0.0,0.00055094133
India,1998,7.3818183,1.2925278,0.006060606,1.079,83.63273,7.1691933,0.992,0.0924944,0.0,0.0005193994
India,1999,7.1245966,1.6860788,0.006060606,1.446,82.24945,6.8519936,1.035,0.1204626,0.0,0.00050476746
India,2000,6.3762894,1.6860788,0.007070707,1.582,76.990364,6.1059093,0.941,0.12546436,0.001084,0.000560992
India,2001,5.9925246,2.06915,0.011111111,2.085,72.022964,5.6516166,1.563,0.16360922,0.005535,0.00087188854
India,2002,5.731832,2.1399007,0.013131313,2.085,68.54489,5.175481,1.606,0.15742786,0.006705,0.0009914775
India,2003,5.6240616,2.7125397,0.016161617,2.60448,69.29619,5.0190716,2.461,0.18864053,0.007885,0.0011705704
India,2004,7.460849,3.3143632,0.018181818,5.22543,100.636,6.6703267,3.813,0.3463505,0.00781,0.0012051208
India,2005,6.8943167,4.035136,0.018181818,5.991,97.42,6.0594563,4.4339,0.37263605,0.011567,0.0011308938
India,2006,7.7062397,5.587,0.0072,9.3373,112.61733,6.6074295,6.315,0.5478336,0.009603,0.00042270476
India,2007,7.8556447,7.403,0.059,11.6828,122.6131,6.587422,7.84452,0.62766165,0.025099,0.0031697927
India,2008,7.2570653,9.302,0.063,14.3782,115.16902,5.809536,10.2425,0.7252877,0.027723,0.0031779436
India,2009,6.4735703,11.642,0.075,16.271,106.33803,4.9468575,10.925,0.75692874,0.039362,0.0034890072
India,2010,6.583671,14.295,0.113,19.4564,108.744095,4.814256,13.184,0.86136264,0.0653619999999999,0.005002669
India,2011,7.501343,17.137,0.827,23.9523,131.7046,5.462988,16.179000000000002,0.9935197,0.5633150000000001,0.03430321
India,2012,6.727289,19.936,2.099,27.4326,115.776375,4.504078,17.2997,1.0672175,0.978582,0.08165793
India,2013,7.329665,22.478,3.433,30.0074,131.98302,4.9313393,18.4204,1.1211797,1.445827,0.12826869
India,2014,7.344336,24.676,4.909,33.4549,138.99629,4.827763,22.4653,1.1619902,3.444008,0.17050447
India,2015,7.1846457,30.617342,6.56638,32.74138,133.28253,4.469703,25.08819,1.098,5.364984000000001,0.22020715
India,2016,7.0113974,24.816965,11.55598,43.45271,128.3816,4.1017704,28.70044,1.3883066,9.650521,0.36921155
India,2017,7.511875,24.908186,21.54458,52.62928,135.8233,4.154272,32.84846,1.6097115,17.923256000000002,0.65895945
India,2018,7.9128056,27.22409,36.33131,60.31128,139.75304,3.9928124,35.2881,1.7231226,27.124598,1.0380032
India,2019,8.849619,31.511576,46.2677,63.31423,162.06625,4.503677,37.50518,1.7594463,34.860906,1.2857383
India,2020,9.730037,32.93788,58.683468,60.427402,163.71275,4.808334,38.5586,1.774786,39.042656,1.7235659
India,2021,9.31085,35.473618,68.30581,68.094246,160.32544,4.2628875,40.067266,1.8105556,49.341508000000005,1.8161811
Japan,1965,12.335087,0.0,0.0,0.0,76.07,12.335087,,0.0,,0.0
Japan,1966,11.651081,0.0,0.0,0.0,79.35,11.651081,,0.0,,0.0
Japan,1967,8.7938595,0.0,0.0,0.0,68.55,8.7938595,,0.0,,0.0
Japan,1968,8.451984,0.0,0.0,0.0,73.45,8.451984,,0.0,,0.0
Japan,1969,7.6118827,0.0,0.0,0.0,75.35,7.6118827,,0.0,,0.0
Japan,1970,6.8364344,0.242704,0.0,0.0,75.4,6.815382,,0.0,,0.0
Japan,1971,7.1661816,0.235611,0.0,0.0,84.2,7.1469913,,0.0,,0.0
Japan,1972,6.9147363,0.248591,0.0,0.0,85.1,6.895407,,0.0,,0.0
Japan,1973,4.894682,0.253998,0.0,0.0,66.778,4.8768816,,0.0,,0.0
Japan,1974,6.03098,0.307547,0.0,0.0,82.68,6.00953,,0.0,,0.0
Japan,1975,6.3732066,0.378507,0.0,0.0,83.406,6.345573,,0.0,,0.0
Japan,1976,6.1613503,0.367553,0.0,0.0,83.59,6.1354623,,0.0,,0.0
Japan,1977,5.355945,0.533774,0.0,0.0,72.968,5.3186107,,0.0,,0.0
Japan,1978,4.956838,0.827644,0.0,0.0,70.047,4.901267,,0.0,,0.0
Japan,1979,5.5059476,1.099732,0.0,0.0,80.743,5.434914,,0.0,,0.0
Japan,1980,6.194887,1.09144,0.0,0.0,88.292,6.1222634,,0.0,,0.0
Japan,1981,6.2369404,1.136527,0.0,0.0,87.594,6.160241,,0.0,,0.0
Japan,1982,6.7352734,9.870767,0.0,0.0,81.606,5.967083,,0.0,,0.0
Japan,1983,6.9266505,11.030233,0.0,0.0,84.273,6.0800323,,0.0,,0.0
Japan,1984,5.621934,12.119023,0.0,0.0,71.617,4.762867,,0.0,,0.0
Japan,1985,6.3616724,12.699479,0.0,0.0,82.874,5.468802,,0.0,,0.0
Japan,1986,6.29662,13.803359,0.0,0.0,80.816,5.325596,,0.0,,0.0
Japan,1987,5.851933,14.792468,0.0,0.0,74.787,4.831145,,0.0,,0.0
Japan,1988,6.5230265,15.986553,0.0,0.0,90.291,5.4845996,,0.0,,0.0
Japan,1989,6.458432,17.04698,0.0,0.0,91.741,5.3874407,,0.0,,0.0
Japan,1990,5.605645,11.340126,0.001,0.0,86.895,4.9236407,,0.0,,5.6421573e-05
Japan,1991,5.9171295,11.650857,0.001,0.0,94.416,5.2319036,,0.0,,5.5178225e-05
Japan,1992,5.080175,11.850117,0.0105,0.0,80.046,4.3897963,,0.0,,0.0005758287
Japan,1993,5.6661205,11.559372,0.0225,0.000959596,92.58,5.001819,,5.176769e-05,,0.0012156068
Japan,1994,4.097034,13.472534,0.029,0.000959596,64.462,3.3570628,,4.9900354e-05,,0.0015102685
Japan,1995,4.652009,14.295146,0.0395,0.000959596,78.793,3.9038758,,4.7474052e-05,,0.0019570666
Japan,1996,4.532676,15.247687,0.0545,0.001919192,77.173,3.7511442,,9.314859e-05,0.06,0.0026490774
Japan,1997,4.9516325,16.437628,0.096302845,0.000959596,86.44,4.1222343,0.017,4.5694702e-05,0.091,0.004592582
Japan,1998,5.170876,16.172628,0.14324625,0.007070707,89.079,4.334611,0.03,0.00034420524,0.133,0.0069704033
Japan,1999,4.8562875,16.48681,0.218025,0.036363635,83.792,4.0116553,0.068,0.0017409594,0.209,0.010438241
Japan,2000,4.8274536,16.111082,0.34406173,0.109,84.468,4.001152,0.084,0.0051632067,0.33,0.016297806
Japan,2001,4.716366,16.02874,0.49973923,0.252,81.537,3.8739123,0.175,0.011972794,0.453,0.023743154
Japan,2002,4.702637,16.93931,0.69462,0.413,80.6,3.799117,0.277,0.019466938,0.637,0.032741223
Japan,2003,5.3320413,17.876465,0.953955,0.832,92.472,4.3463707,0.508,0.039105684,0.86,0.04483781
Japan,2004,5.25767,18.053455,1.2716222,1.44,91.667,4.2321877,0.769,0.06648358,1.132,0.058709707
Japan,2005,4.790323,21.686,1.6300883,1.91,77.5615,3.546054,1.227,0.08732378,1.422,0.07452642
Japan,2006,5.3090086,21.528,1.99563,2.135,88.80701,4.0439086,1.805,0.097219184,1.708,0.09087285
Japan,2007,4.7619534,22.198,2.3124676,2.74,74.50974,3.4081507,1.527,0.12533036,1.919,0.105774604
Japan,2008,4.830859,21.293,2.5939713,2.945,75.164375,3.4778197,1.756,0.13626374,2.144,0.1200218
Japan,2009,5.021396,20.32575,3.0455124,3.4273024,70.46622,3.5511658,1.997,0.1727199,2.627,0.15347949
Japan,2010,5.684884,21.827084,3.9813788,3.925729,88.50272,4.158159,2.294,0.18444408,3.618,0.18705869
Japan,2011,5.733157,21.105194,5.43915,4.459041,82.48676,4.066648,2.419,0.21983345,4.914,0.26815343
Japan,2012,5.6502047,22.129982,7.371903,4.727417,77.09999,3.8073256,2.562,0.23344769,6.632000000000001,0.3640368
Japan,2013,6.1299677,23.1767,12.908781,5.133169,79.33157,3.9225023,2.646,0.2538065,13.599,0.63826704
Japan,2014,6.9359174,23.62768,23.548166,5.013972,81.70858,4.120058,2.753,0.25282356,23.339,1.1873882
Japan,2015,8.068797,28.485174,34.540173,5.2228065,85.765114,4.3606544,2.8080000000000003,0.26554915,34.15,1.7561655
Japan,2016,7.9758606,23.670853,43.32569,5.340769,79.42587,4.066575,3.247,0.27344534,42.04,2.2182593
Japan,2017,8.634004,27.389729,54.24169,5.8271704,79.29134,3.987219,3.483,0.2930232,49.5,2.72758
Japan,2018,9.322305,30.131918,62.11436,6.4448814,81.10679,4.0763874,3.498,0.32391658,56.162,3.1218371
Japan,2019,9.565927,32.15621,67.746254,6.748665,73.64051,3.7758522,3.951,0.34603184,63.192,3.4736295
Japan,2020,11.155339,34.80145,75.13509,7.819281,77.414116,4.2722745,4.371,0.4315248,69.764,4.146501
Japan,2021,11.428995,35.75764,86.26627,8.249907,77.63623,4.1224623,4.471,0.4380678,74.191,4.5807147
Lower-middle-income countries,1965,8.10957,0.0,0.0,0.0,30.508142,8.10957,,0.0,,0.0
Lower-middle-income countries,1966,7.9973116,0.0,0.0,0.0,31.975643,7.9973116,,0.0,,0.0
Lower-middle-income countries,1967,8.505275,0.0,0.0,0.0,35.482807,8.505275,,0.0,,0.0
Lower-middle-income countries,1968,9.266727,0.0,0.0,0.0,41.705223,9.266727,,0.0,,0.0
Lower-middle-income countries,1969,9.516994,0.0,0.0,0.0,46.369812,9.516994,,0.0,,0.0
Lower-middle-income countries,1970,9.870375,0.0,0.0,0.0,50.074368,9.870375,,0.0,,0.0
Lower-middle-income countries,1971,9.800651,0.0,0.0,0.0,51.6863,9.800651,,0.0,,0.0
Lower-middle-income countries,1972,9.375169,0.0,0.0,0.0,52.052994,9.375169,,0.0,,0.0
Lower-middle-income countries,1973,9.139721,0.0,0.0,0.0,54.179226,9.139721,,0.0,,0.0
Lower-middle-income countries,1974,8.678183,0.0,0.0,0.0,54.110386,8.678183,,0.0,,0.0
Lower-middle-income countries,1975,9.044274,0.0,0.0,0.0,62.223434,9.044274,,0.0,,0.0
Lower-middle-income countries,1976,9.08003,0.0,0.0,0.0,66.057434,9.08003,,0.0,,0.0
Lower-middle-income countries,1977,9.055832,0.001,0.0,0.0,72.35619,9.055713,,0.0,,0.0
Lower-middle-income countries,1978,10.569523,0.003,0.0,0.0,88.563484,10.56918,,0.0,,0.0
Lower-middle-income countries,1979,9.617565,0.63694,0.0,0.0,86.83935,9.550347,,0.0,,0.0
Lower-middle-income countries,1980,9.718476,2.04485,0.0,0.0,89.82618,9.510716,,0.0,,0.0
Lower-middle-income countries,1981,9.626466,3.91219,0.0,0.0,94.75383,9.255737,,0.0,,0.0
Lower-middle-income countries,1982,8.509579,3.90786,0.0,0.0,87.082695,8.154562,,0.0,,0.0
Lower-middle-income countries,1983,7.894793,4.93498,0.0,0.0,86.07145,7.474657,,0.0,,0.0
Lower-middle-income countries,1984,8.204381,5.35846,0.0,0.0,94.648384,7.7739015,,0.0,,0.0
Lower-middle-income countries,1985,4.872651,5.94218,0.0,0.0,110.09123,4.6279573,,0.0,,0.0
Lower-middle-income countries,1986,4.8405943,5.5733,0.0,0.0,112.18494,4.615641,,0.0,,0.0
Lower-middle-income countries,1987,4.6551576,4.89597,0.0,0.0,113.718864,4.4687724,,0.0,,0.0
Lower-middle-income countries,1988,4.949453,5.22291,0.0,0.0,125.43052,4.7576346,,0.0,,0.0
Lower-middle-income countries,1989,5.1484327,5.70166,0.0,0.0,134.37073,4.9453344,,0.0,,0.0
Lower-middle-income countries,1990,4.929366,7.060766,0.0,0.03030303,141.2857,4.701037,,0.001008282,,0.0
Lower-middle-income countries,1991,5.1763687,6.904531,0.0,0.11291,149.81071,4.9531894,,0.003733141,,0.0
Lower-middle-income countries,1992,5.238674,6.905132,0.0,0.08847,149.34587,5.0128093,,0.002969503,,0.0
Lower-middle-income countries,1993,5.683431,7.011019,0.0,0.09477,158.77457,5.448274,,0.0032519882,,0.0
Lower-middle-income countries,1994,6.012462,8.304195,0.0,0.19128,167.66705,5.7319345,,0.0065391744,,0.0
Lower-middle-income countries,1995,5.6988525,8.911325,0.001010101,0.49647,165.12077,5.400669,,0.016238239,,3.3183136e-05
Lower-middle-income countries,1996,5.5145593,9.6330185,0.006060606,0.87838,163.25507,5.1897006,,0.027922742,0.0001,0.00019261189
Lower-middle-income countries,1997,5.0545955,10.947046,0.006060606,0.988,151.91847,4.695539,0.955,0.03053738,0.0001,0.00018727606
Lower-middle-income countries,1998,5.9053106,13.493027,0.006060606,1.082,182.12651,5.478432,1.011,0.032546856,0.0001,0.00018225968
Lower-middle-income countries,1999,5.705437,16.22081,0.006060606,1.4994999,180.38603,5.2068377,1.108,0.043283038,0.0011,0.00017489547
Lower-middle-income countries,2000,5.197896,19.11118,0.0077027073,1.7724,166.75185,4.6304994,1.09565,0.04921752,0.009485,0.00021398219
Lower-middle-income countries,2001,5.124023,19.41785,0.012914208,2.523,168.9105,4.544417,1.7488800000000002,0.067879476,0.014947,0.0003474498
Lower-middle-income countries,2002,4.861276,19.586494,0.015833436,2.5473058,166.2944,4.298436,1.80288,0.06584368,0.017216,0.00040930844
Lower-middle-income countries,2003,4.893047,19.877983,0.02056662,3.1552858,174.54283,4.328136,2.67877,0.07824166,0.019419,0.0005098934
Lower-middle-income countries,2004,5.5462184,21.338034,0.0247219,6.010386,211.50812,4.9150047,4.13267,0.13966882,0.022633,0.0005744925
Lower-middle-income countries,2005,5.3810964,20.604858,0.028815163,6.836186,215.82555,4.777386,4.80387,0.15132177,0.0287399999999999,0.00063768064
Lower-middle-income countries,2006,5.7553415,22.793058,0.02056379,10.343002,238.76332,5.0535774,6.7799700000000005,0.21891618,0.029319,0.00043525748
Lower-middle-income countries,2007,5.7296853,25.017788,0.07688847,12.871805,251.18834,4.9720902,8.470889999999999,0.2547881,0.046556,0.0015217875
Lower-middle-income countries,2008,5.3192363,28.686094,0.08936414,15.916511,234.58276,4.4593205,10.95587,0.30256614,0.05128,0.001698795
Lower-middle-income countries,2009,5.2029486,31.532812,0.11616882,18.056793,232.3654,4.2722936,11.85669,0.33199406,0.069824,0.0021358863
Lower-middle-income countries,2010,5.317025,33.94342,0.22069448,21.907661,246.90303,4.312773,14.23569,0.38267168,0.115948,0.0038548554
Lower-middle-income countries,2011,5.6120405,37.01412,1.2224109,26.671139,273.66956,4.5095153,17.3259,0.4394859,0.810338,0.020142779
Lower-middle-income countries,2012,5.2002983,40.289253,3.141129,30.35956,251.3418,3.9882753,18.725984,0.48174345,1.437833,0.049843192
Lower-middle-income countries,2013,6.032141,42.081776,4.359484,34.182175,306.7076,4.7376266,20.279086,0.5280025,2.3377800000000004,0.06733976
Lower-middle-income countries,2014,5.936752,45.72452,6.001485,38.54988,307.54987,4.547234,25.255436000000003,0.56997377,4.502354,0.088734
Lower-middle-income countries,2015,5.766291,52.917633,7.929495,40.27542,292.8988,4.2321963,28.282785,0.58195364,7.127592,0.11457611
Lower-middle-income countries,2016,5.848174,48.68915,15.079771,52.428333,303.51303,4.186105,32.326934,0.7231007,12.678287,0.20798284
Lower-middle-income countries,2017,6.348325,50.999702,26.580437,62.672504,335.06833,4.4317884,36.894516,0.8289392,21.732004,0.3515668
Lower-middle-income countries,2018,6.516345,66.78398,42.837578,74.080894,332.80484,4.1366124,40.403625,0.92079175,32.703129000000004,0.53245157
Lower-middle-income countries,2019,7.0110745,70.80643,61.917274,81.50903,361.89563,4.3384366,43.348625,0.9771375,50.293746,0.7422698
Lower-middle-income countries,2020,7.687888,74.53367,84.38736,82.06469,365.8841,4.5649085,44.977438,1.0238701,67.738734,1.0528486
Lower-middle-income countries,2021,7.670769,78.92666,110.8203,94.06997,361.96106,4.229339,47.23652,1.099162,79.343734,1.2948816
Mexico,1965,8.934723,0.0,0.0,0.0,8.863,8.934723,,0.0,,0.0
Mexico,1966,9.63311,0.0,0.0,0.0,10.118,9.63311,,0.0,,0.0
Mexico,1967,10.291331,0.0,0.0,0.0,11.017,10.291331,,0.0,,0.0
Mexico,1968,10.842834,0.0,0.0,0.0,12.642,10.842834,,0.0,,0.0
Mexico,1969,10.4753,0.0,0.0,0.0,13.406,10.4753,,0.0,,0.0
Mexico,1970,10.981713,0.0,0.0,0.0,15.005,10.981713,,0.0,,0.0
Mexico,1971,10.142725,0.0,0.0,0.0,14.572,10.142725,,0.0,,0.0
Mexico,1972,9.780027,0.0,0.0,0.0,15.531,9.780027,,0.0,,0.0
Mexico,1973,9.648298,0.161,0.0,0.0,16.371,9.558098,,0.0,,0.0
Mexico,1974,9.094654,0.463,0.0,0.0,16.708,8.859077,,0.0,,0.0
Mexico,1975,7.7844524,0.518,0.0,0.0,15.182,7.537663,,0.0,,0.0
Mexico,1976,8.30845,0.579,0.0,0.0,17.255,8.049266,,0.0,,0.0
Mexico,1977,8.738277,0.592,0.0,0.0,19.193,8.487074,,0.0,,0.0
Mexico,1978,6.597964,0.598,0.0,0.0,16.217,6.372474,,0.0,,0.0
Mexico,1979,6.7473717,1.019,0.0,0.0,18.008,6.399861,,0.0,,0.0
Mexico,1980,5.803558,0.915,0.0,0.0,16.91,5.5170903,,0.0,,0.0
Mexico,1981,7.5373626,0.964,0.0,0.0,24.618,7.264395,,0.0,,0.0
Mexico,1982,6.8430967,1.296,0.0,0.0,22.924,6.49096,,0.0,,0.0
Mexico,1983,6.308686,1.353,0.0,0.0,20.733,5.936908,,0.0,,0.0
Mexico,1984,6.8312964,1.424,0.0,0.0,23.603,6.457451,,0.0,,0.0
Mexico,1985,7.82051,1.641,0.0,0.0,28.427292,7.410039,,0.0,,0.0
Mexico,1986,6.596592,3.394,0.0,0.0,21.2975,5.7216263,,0.0,,0.0
Mexico,1987,6.1185946,4.418,0.0,0.0,19.285194,5.0159335,,0.0,,0.0
Mexico,1988,6.7846127,4.633,0.0,0.0,21.836111,5.636938,,0.0,,0.0
Mexico,1989,7.2933803,4.675,0.0,0.0,25.354195,6.1969137,,0.0,,0.0
Mexico,1990,6.8308434,5.124,0.001,0.001,24.480944,5.68796,,0.00023135665,,0.00023135665
Mexico,1991,6.324605,5.8325124,0.002,0.001,22.625263,5.061256,,0.00022275026,,0.00044760195
Mexico,1992,7.251022,6.365523,0.003,0.001,26.813694,5.8929014,,0.00021883973,,0.00065858365
Mexico,1993,7.209392,6.4997606,0.004,0.001,26.65493,5.8281927,,0.00021772584,,0.0008750114
Mexico,1994,5.4481173,6.2185254,0.005,0.005,20.27132,4.1955853,,0.0010343557,,0.0010343557
Mexico,1995,7.1109824,6.4144435,0.005,0.007,27.598667,5.796837,,0.0014699651,,0.0010496932
Mexico,1996,7.601215,6.184555,0.006,0.006,31.336277,6.3794622,,0.0012220396,0.01,0.0012220396
Mexico,1997,6.423585,5.8832464,0.006,0.012,26.362097,5.279362,0.002,0.0024031615,0.011,0.0012021264
Mexico,1998,5.862017,6.138586,0.007,0.015,24.592945,4.7169094,0.002,0.0028769819,0.012,0.0013423045
Mexico,1999,7.305536,6.0600014,0.007,0.017,32.71232,6.1905947,0.002,0.0032171444,0.013,0.0013244179
Mexico,2000,7.1508975,6.358645,0.007,0.019,33.07488,5.977931,0.017,0.0034340462,0.014,0.0012649014
Mexico,2001,6.3393073,6.247497,0.008,0.018,28.43533,5.1713114,0.017,0.0032735253,0.015,0.0014547548
Mexico,2002,5.4490385,6.07106,0.008,0.021,24.86159,4.355476,0.018,0.00367897,0.016,0.001402138
Mexico,2003,4.6524553,6.9497128,0.008,0.019,19.852205,3.4287248,0.018,0.00328153,0.016,0.0013813104
Mexico,2004,5.303242,7.261834,0.009,0.02,25.176394,4.0983152,0.018,0.0032556818,0.016,0.0014655973
Mexico,2005,5.473337,8.137519,0.009,0.019,27.709446,4.211103,0.018,0.0028874904,0.016,0.0013681365
Mexico,2006,5.5860863,7.4873867,0.01,0.045,30.446474,4.456438,0.101,0.006586638,0.016,0.0014637021
Mexico,2007,5.209547,8.249913,0.009,0.248,27.339674,3.9571528,0.101,0.035895593,0.019,0.0013024505
Mexico,2008,6.696116,7.896158,0.019,0.255,39.223907,5.520945,0.101,0.035892416,0.019,0.0026743375
Mexico,2009,4.9565783,7.547069,0.027,0.59635276,26.722006,3.7718177,0.425,0.08417534,0.0251,0.0038110623
Mexico,2010,6.283124,7.4460497,0.031,1.2391111,37.15799,5.060967,0.519,0.16876855,0.0298,0.0042222464
Mexico,2011,5.886854,7.3669243,0.041,1.6483214,36.27042,4.685401,0.601,0.21292964,0.0424,0.005296361
Mexico,2012,5.4620795,6.7609353,0.069,3.6883104,31.910688,4.0740156,1.815,0.47088408,0.0728,0.008809186
Mexico,2013,5.06007,7.322261,0.106,4.184544,28.021322,3.5412524,2.122,0.5288304,0.109,0.013395963
Mexico,2014,6.727102,7.1366343,0.221,6.4261966,38.89277,4.907347,2.569,0.81083405,0.174,0.027884968
Mexico,2015,6.0522633,7.632154,0.2021975,8.745094,30.89154,3.8796492,3.271,1.098291,0.287,0.025393857
Mexico,2016,6.1314926,7.6092916,0.25227612,10.378095,30.697353,3.7838523,4.051,1.2792367,0.6326,0.031096343
Mexico,2017,6.372722,8.123817,1.1865062,10.6197815,31.847656,3.84663,4.199372,1.2826806,1.12574,0.14330882
Mexico,2018,6.939361,7.648148,3.18,13.088611,32.485554,3.9177847,4.875635,1.5784972,2.541,0.3835106
Mexico,2019,7.0507708,7.452208,7.366667,16.726667,23.608055,2.9550245,6.050260000000001,2.09368,4.426208,0.922087
Mexico,2020,9.475372,7.0345683,9.452778,19.70226,26.935242,3.9604142,6.504433,2.896915,5.149,1.389886
Mexico,2021,10.514754,6.9060345,11.907885,20.90211,34.722054,4.817839,7.69153,2.9002602,7.026,1.6522719
Pakistan,1965,7.8989325,0.0,0.0,0.0,2.196442,7.8989325,,0.0,,0.0
Pakistan,1966,7.8401713,0.0,0.0,0.0,2.196442,7.8401713,,0.0,,0.0
Pakistan,1967,8.392018,0.0,0.0,0.0,2.6030266,8.392018,,0.0,,0.0
Pakistan,1968,8.885178,0.0,0.0,0.0,3.128935,8.885178,,0.0,,0.0
Pakistan,1969,9.32975,0.0,0.0,0.0,3.3012917,9.32975,,0.0,,0.0
Pakistan,1970,8.390381,0.0,0.0,0.0,2.9212234,8.390381,,0.0,,0.0
Pakistan,1971,11.718862,0.0,0.0,0.0,3.8139422,11.718862,,0.0,,0.0
Pakistan,1972,13.253896,0.0,0.0,0.0,4.012815,13.253896,,0.0,,0.0
Pakistan,1973,13.087776,0.0,0.0,0.0,4.233785,13.087776,,0.0,,0.0
Pakistan,1974,12.144384,0.0,0.0,0.0,4.2558823,12.144384,,0.0,,0.0
Pakistan,1975,13.310854,0.0,0.0,0.0,4.896695,13.310854,,0.0,,0.0
Pakistan,1976,14.231518,0.0,0.0,0.0,5.3165383,14.231518,,0.0,,0.0
Pakistan,1977,15.620375,0.0,0.0,0.0,6.3153224,15.620375,,0.0,,0.0
Pakistan,1978,18.110394,0.0,0.0,0.0,7.8400154,18.110394,,0.0,,0.0
Pakistan,1979,17.961802,0.0,0.0,0.0,8.476409,17.961802,,0.0,,0.0
Pakistan,1980,16.982367,0.0,0.0,0.0,8.887413,16.982367,,0.0,,0.0
Pakistan,1981,16.494284,0.0,0.0,0.0,9.28074,16.494284,,0.0,,0.0
Pakistan,1982,16.829155,0.0,0.0,0.0,10.443042,16.829155,,0.0,,0.0
Pakistan,1983,18.234488,0.0,0.0,0.0,12.095898,18.234488,,0.0,,0.0
Pakistan,1984,17.859362,0.0,0.0,0.0,12.537838,17.859362,,0.0,,0.0
Pakistan,1985,17.652674,0.0,0.0,0.0,13.023972,17.652674,,0.0,,0.0
Pakistan,1986,15.92544,0.0,0.0,0.0,12.453869,15.92544,,0.0,,0.0
Pakistan,1987,18.666111,0.0,0.0,0.0,16.373877,18.666111,,0.0,,0.0
Pakistan,1988,18.419365,0.0,0.0,0.0,17.16495,18.419365,,0.0,,0.0
Pakistan,1989,17.649538,0.0,0.0,0.0,17.443373,17.649538,,0.0,,0.0
Pakistan,1990,16.537376,0.0,0.0,0.0,17.0854,16.537376,,0.0,,0.0
Pakistan,1991,16.70148,0.0,0.0,0.0,18.283058,16.70148,,0.0,,0.0
Pakistan,1992,17.344545,0.0,0.0,0.0,19.944752,17.344545,,0.0,,0.0
Pakistan,1993,17.234846,0.0,0.0,0.0,21.933483,17.234846,,0.0,,0.0
Pakistan,1994,16.347652,0.0,0.0,0.0,21.526897,16.347652,,0.0,,0.0
Pakistan,1995,16.378124,0.0,0.0,0.0,22.746653,16.378124,,0.0,,0.0
Pakistan,1996,16.762865,0.0,0.0,0.0,24.797253,16.762865,,0.0,0.0,0.0
Pakistan,1997,12.898634,0.0,0.0,0.0,18.446575,12.898634,0.0,0.0,0.0,0.0
Pakistan,1998,15.707119,0.0,0.0,0.0,24.107826,15.707119,0.0,0.0,0.0,0.0
Pakistan,1999,13.423368,0.0,0.0,0.0,21.5048,13.423368,0.0,0.0,0.0,0.0
Pakistan,2000,11.344158,0.9267,0.0,0.0,17.558277,10.732646,0.0,0.0,0.0,0.0
Pakistan,2001,11.41505,0.8721,0.0,0.0,18.291897,10.852812,0.0,0.0,0.0,0.0
Pakistan,2002,12.188603,0.9608,0.0,0.0,20.417627,11.592025,0.0,0.0,0.0,0.0
Pakistan,2003,13.333745,1.0411,0.0,0.0,24.5975,12.740202,0.0,0.0,0.0,0.0
Pakistan,2004,12.676343,1.0764,0.0,0.0,26.216,12.124859,0.0,0.0,0.0,0.0
Pakistan,2005,13.59751,0.0,0.0,0.0,30.699635,13.59751,0.0,0.0,0.0,0.0
Pakistan,2006,12.633492,0.0,0.0,0.0,30.250881,12.633492,0.0,0.0,0.0,0.0
Pakistan,2007,12.365368,0.0,0.000202,0.0,31.678736,12.365289,0.0,0.0,0.00014,7.899143e-05
Pakistan,2008,10.553434,0.0,0.001584,0.0,27.339064,10.552824,0.006,0.0,0.00114,0.00061050215
Pakistan,2009,10.885857,0.0,0.005328,0.0,28.745743,10.883838,0.006,0.0,0.00667,0.002018574
Pakistan,2010,11.174628,0.0,0.013428,0.0,29.809982,11.169597,0.006,0.0,0.009275,0.005031391
Pakistan,2011,11.411279,0.0,0.02683,0.0,30.59442,11.40128,0.006,0.0,0.018632,0.009998438
Pakistan,2012,4.3177876,0.0,0.06597,0.019,10.74654,4.283916,0.056155,0.007573994,0.045783,0.026297772
Pakistan,2013,11.522516,0.0,0.14489,0.15137164,31.485884,11.415106,0.106055,0.054879323,0.100658,0.052529417
Pakistan,2014,11.496394,0.0,0.238108,0.31336787,32.376305,11.303852,0.205555,0.109409146,0.165363,0.08313292
Pakistan,2015,11.174579,0.07967607,0.381823,0.598594,32.779472,10.819788,0.308355,0.19758281,0.265512,0.12603146
Pakistan,2016,11.086973,0.5322557,0.716873,0.9181191,34.57764,10.404052,0.5906549999999999,0.27625245,0.5895050000000001,0.21569961
Pakistan,2017,9.67495,1.0753148,0.984052,1.7629018,30.204067,8.534332,0.7891549999999999,0.49811807,0.6546989999999999,0.27804953
Pakistan,2018,9.416381,1.0303783,1.023203,2.83179,29.479803,8.028025,1.185855,0.7711612,0.6791090000000001,0.27864158
Pakistan,2019,11.015738,0.61805326,1.068956,3.1482446,36.136223,9.684885,1.235855,0.8437624,0.763313,0.2864914
Pakistan,2020,12.021025,0.6342793,1.2047964,2.7321582,39.98724,10.754805,1.235855,0.7348301,0.860313,0.32403708
Pakistan,2021,10.622897,0.70214427,1.5170892,3.4323654,37.685818,9.204771,1.335155,0.8383562,1.0833130000000002,0.37054947
United States,1965,4.36887,13.332232,0.0,0.0,198.97409,4.074629,,0.0,,0.0
United States,1966,4.171402,14.062007,0.0,0.0,199.9369,3.8774655,,0.0,,0.0
United States,1967,4.542216,14.073571,0.0,0.0,227.22081,4.258249,,0.0,,0.0
United States,1968,4.3309736,15.546045,0.0,0.0,228.15471,4.0351424,,0.0,,0.0
United States,1969,4.5988784,16.22706,0.0,0.0,256.02853,4.3056097,,0.0,,0.0
United States,1970,4.400803,16.235903,0.0,0.0,253.49237,4.1172185,,0.0,,0.0
United States,1971,4.614475,16.584414,0.0,0.0,272.254,4.3307962,,0.0,,0.0
United States,1972,4.526047,18.67298,0.0,0.0,278.71597,4.2234125,,0.0,,0.0
United States,1973,4.3547597,19.989693,0.0,0.0,278.2127,4.0446424,,0.0,,0.0
United States,1974,4.902865,20.404264,0.0,0.0,307.28464,4.5792236,,0.0,,0.0
United States,1975,5.006975,19.754301,0.0,0.0,306.2148,4.6868434,,0.0,,0.0
United States,1976,4.5527077,22.564754,0.0,0.0,289.82245,4.2058325,,0.0,,0.0
United States,1977,3.549314,23.536121,0.0,0.0,225.85725,3.196156,,0.0,,0.0
United States,1978,4.3275704,24.678787,0.0,0.0,286.32852,3.963944,,0.0,,0.0
United States,1979,4.2914057,25.756037,0.0,0.0,285.93533,3.9172165,,0.0,,0.0
United States,1980,4.419221,26.656116,0.0,0.0,282.0021,4.0183063,,0.0,,0.0
United States,1981,4.3367486,27.377604,0.0,0.0,266.50977,3.9133127,,0.0,,0.0
United States,1982,5.2567115,26.405048,0.0,0.0,315.5293,4.8297443,,0.0,,0.0
United States,1983,5.6848154,29.8046,0.003,0.002694949,338.67764,5.202278,,4.1413e-05,,4.6030476e-05
United States,1984,5.3343606,35.595325,0.00530101,0.006555556,327.58725,4.7869487,,9.581531e-05,,7.742097e-05
United States,1985,4.765776,36.392895,0.010737374,0.005820202,287.18237,4.2072177,,8.532507e-05,,0.00015730227
United States,1986,4.898404,38.70167,0.014173737,0.004231313,296.97498,4.3105893,,6.135883e-05,,0.00020573207
United States,1987,4.2147536,42.665432,0.01060303,0.003576768,255.4102,3.5868316,,5.026266e-05,,0.0001489028
United States,1988,3.6649997,42.394062,0.009185859,0.000879798,228.38464,3.0676105,,1.1822808e-05,,0.00012340135
United States,1989,4.3015428,48.854267,0.2531323,2.1333768,274.72418,3.6027658,,0.02797736,,0.0033196073
United States,1990,4.7246766,57.459316,0.37079495,2.8167677,292.2809,3.8230917,,0.036843874,,0.0048500705
United States,1991,4.7242856,60.55176,0.4782529,2.9807587,287.32602,3.7633247,,0.039041236,,0.006264038
United States,1992,4.261231,64.815414,0.40884447,2.9166899,251.42567,3.2452393,,0.037646737,,0.0052770986
United States,1993,4.5714097,66.92472,0.47516188,3.0361888,279.25095,3.530317,,0.03838379,,0.0060070422
United States,1994,4.2548165,66.35486,0.5018728,3.4819283,259.3413,3.2193832,,0.04322358,,0.006230094
United States,1995,4.762141,63.26508,0.5144716,3.1962152,311.21982,3.7807684,,0.038828343,,0.0062499167
United States,1996,5.0185714,64.82596,0.54134125,3.2667363,347.54947,4.084431,,0.038390968,0.0139,0.0063618887
United States,1997,5.115221,65.82008,0.5326957,3.3212476,355.9731,4.152261,1.611,0.038740803,0.0146,0.0062136473
United States,1998,4.695757,65.61713,0.52465934,3.0562587,322.08926,3.7331295,2.141,0.035423122,0.0152,0.006080988
United States,1999,4.5834517,66.47772,0.5183421,4.5333314,316.6052,3.6056008,2.445,0.05162703,0.0166,0.005903045
United States,2000,4.027357,66.582825,0.51851267,5.649759,272.76135,3.0383854,2.377,0.06293467,0.176,0.0057758964
United States,2001,3.421371,66.83044,0.5743511,6.8053846,210.24,2.3835363,3.864,0.07715412,0.213,0.006511542
United States,2002,4.0155067,71.78936,0.6015976,10.458869,258.16757,2.8654375,4.417,0.11608443,0.255,0.0066772145
United States,2003,4.1800404,71.33214,0.6106543,11.30047,269.97098,2.967953,5.995,0.12423286,0.293,0.00671329
United States,2004,4.1015115,71.94537,0.69813246,14.286607,262.55466,2.8128626,6.456,0.15305866,0.363,0.0074793976
United States,2005,4.219231,72.59806,0.74890065,17.990454,266.42773,2.834965,8.706,0.19143015,0.493,0.007968791
United States,2006,4.6788607,73.08227,0.82443213,26.857714,285.544,3.0432415,11.329,0.28624138,0.6980000000000001,0.008786548
United States,2007,4.3730087,73.86955,1.0954105,34.797905,243.04407,2.539321,16.515,0.36356807,0.974,0.011444834
United States,2008,5.0045505,73.551476,1.6330626,55.922325,251.05386,2.6716993,24.651,0.59512186,1.153,0.017378947
United States,2009,5.8000064,73.15986,2.0759604,74.632454,271.53308,3.0205047,34.296,0.8302034,1.614,0.023092758
United States,2010,5.8405547,75.061844,3.0130365,95.60833,257.2747,2.7515795,39.135,1.0225409,2.9090000000000003,0.032224737
United States,2011,6.8973193,75.77516,4.738904,121.3905,316.09534,3.38955,45.676,1.3016932,5.172,0.05081616
United States,2012,6.886334,77.0361,9.037014,142.24414,274.03003,2.9997473,59.075,1.5571158,8.137,0.09892624
United States,2013,7.1346164,80.665535,16.039696,169.5351,266.54984,2.8236425,59.973,1.7959362,11.759,0.16991329
United States,2014,7.262891,84.07023,29.216162,183.49019,255.75058,2.6652083,64.23201999999999,1.9121739,15.984,0.30446523
United States,2015,7.468743,83.73627,39.42626,192.645,246.45312,2.5777395,72.57302,2.0149415,21.684,0.41237307
United States,2016,8.285086,82.722565,55.4202,229.28542,263.76367,2.7450182,81.286,2.3861992,32.958,0.57676435
United States,2017,9.082049,82.80032,78.05758,256.8714,296.80646,3.0593252,87.59700000000001,2.6476958,41.357,0.8045766
United States,2018,8.964939,81.8932,94.30808,275.42166,289.5146,2.8621294,94.516,2.7228076,49.812,0.9323259
United States,2019,9.315263,76.82054,107.97374,298.8712,285.46765,2.8319073,104.0522,2.9648738,59.068,1.0711253
United States,2020,10.532232,74.30732,132.04141,341.35156,282.7805,3.0197885,118.7317,3.645264,73.8137,1.4100589
United States,2021,10.655991,75.490265,165.35657,383.60327,257.6901,2.6109571,132.7376,3.88673,93.713016,1.6754191
Upper-middle-income countries,1965,4.3184595,0.1,0.0,0.0,152.27177,4.3153996,,0.0,,0.0
Upper-middle-income countries,1966,4.4615235,0.122,0.0,0.0,167.89096,4.4580264,,0.0,,0.0
Upper-middle-income countries,1967,4.273017,0.173,0.0,0.0,165.4073,4.2681975,,0.0,,0.0
Upper-middle-income countries,1968,4.6726136,0.179,0.0,0.0,188.62204,4.667832,,0.0,,0.0
Upper-middle-income countries,1969,4.735554,0.178,0.0,0.0,205.10785,4.7311215,,0.0,,0.0
Upper-middle-income countries,1970,4.8067007,0.73693335,0.0,0.0,225.91513,4.7898335,,0.0,,0.0
Upper-middle-income countries,1971,4.719804,1.081386,0.0,0.0,238.32199,4.696797,,0.0,,0.0
Upper-middle-income countries,1972,4.7060046,1.1945976,0.0,0.0,252.11792,4.6820555,,0.0,,0.0
Upper-middle-income countries,1973,4.693267,1.3987706,0.0,0.0,266.36102,4.6671467,,0.0,,0.0
Upper-middle-income countries,1974,4.941558,1.782155,0.0,0.0,294.50247,4.9104056,,0.0,,0.0
Upper-middle-income countries,1975,4.7602396,2.124168,0.0,0.0,301.79132,4.7253075,,0.0,,0.0
Upper-middle-income countries,1976,4.931159,2.1123004,0.0,0.0,328.0921,4.8981524,,0.0,,0.0
Upper-middle-income countries,1977,5.0756516,2.4248486,0.0,0.0,356.61304,5.0396614,,0.0,,0.0
Upper-middle-income countries,1978,5.202713,2.551917,0.0,0.0,387.17798,5.166906,,0.0,,0.0
Upper-middle-income countries,1979,5.435871,3.4140034,0.0,0.0,417.97656,5.3899207,,0.0,,0.0
Upper-middle-income countries,1980,5.8015184,3.267526,0.0,0.0,457.50806,5.7585015,,0.0,,0.0
Upper-middle-income countries,1981,5.998505,3.322641,0.0,0.0,481.1348,5.9555373,,0.0,,0.0
Upper-middle-income countries,1982,5.939503,3.9714477,0.0,0.0,491.29395,5.8899665,,0.0,,0.0
Upper-middle-income countries,1983,6.0472345,4.8714304,0.0,0.0,513.93713,5.9878535,,0.0,,0.0
Upper-middle-income countries,1984,6.3457727,4.8097672,0.0,0.0,565.66754,6.289964,,0.0,,0.0
Upper-middle-income countries,1985,7.0295277,5.270132,0.0,0.0,552.905,6.960393,,0.0,,0.0
Upper-middle-income countries,1986,6.9211235,7.175523,0.0,0.0,561.52435,6.831894,,0.0,,0.0
Upper-middle-income countries,1987,6.8439164,8.556504,0.0,0.0,580.2076,6.7428074,,0.0,,0.0
Upper-middle-income countries,1988,6.964938,8.604335,0.0,0.0,615.29175,6.867556,,0.0,,0.0
Upper-middle-income countries,1989,6.9093986,8.687334,0.0,0.0,622.0973,6.8129153,,0.0,,0.0
Upper-middle-income countries,1990,7.1774073,9.761246,0.003,0.004030303,646.0049,7.0689654,,4.4098626e-05,,3.2791286e-05
Upper-middle-income countries,1991,7.235814,10.6435,0.004,0.010090909,655.9739,7.11827,,0.00010948129,,4.342554e-05
Upper-middle-income countries,1992,7.3942065,12.21343,0.006,0.13231313,673.77454,7.2584434,,0.0014253377,,6.456503e-05
Upper-middle-income countries,1993,7.973221,12.419122,0.008,0.21312122,731.1241,7.835009,,0.0022838446,,8.577007e-05
Upper-middle-income countries,1994,8.28998,12.970516,0.01,0.38883838,760.0239,8.14316,,0.0041661235,,0.000107091524
Upper-middle-income countries,1995,8.832221,16.270248,0.012,0.6231617,810.6497,8.645663,,0.006646067,,0.00012793922
Upper-middle-income countries,1996,8.5750675,15.909506,0.015,0.11195739,805.9062,8.402124,,0.0011672722,0.011,0.00015640739
Upper-middle-income countries,1997,8.838724,17.664257,0.017,0.2291718,827.0683,8.643982,0.193,0.0023951773,0.0155,0.00017770172
Upper-middle-income countries,1998,9.01642,17.924223,0.021017,0.41409656,841.7729,8.816585,0.271,0.0043370994,0.021,0.00022011231
Upper-middle-income countries,1999,8.883931,18.730337,0.024026003,0.5486184,839.6173,8.676307,0.344,0.0056692404,0.029,0.00024826097
Upper-middle-income countries,2000,9.069065,19.686937,0.040171012,0.68075705,882.9199,8.8560505,0.460012,0.0068282103,0.047655003,0.00040288482
Upper-middle-income countries,2001,9.044002,20.819883,0.05251175,0.8881529,908.9122,8.8225,0.534529,0.008621021,0.053397,0.0005096833
Upper-middle-income countries,2002,8.917044,22.078188,0.07309825,1.0481788,939.4573,8.690463,0.607658,0.009696141,0.073207,0.00067625265
Upper-middle-income countries,2003,8.187703,25.544567,0.09237,1.2321237,942.5075,7.947538,0.715889,0.01038963,0.084356995,0.00077889947
Upper-middle-income countries,2004,8.345793,27.178822,0.10852172,1.5631238,1065.1874,8.111887,0.93498895,0.011903888,0.094859,0.0008264742
Upper-middle-income countries,2005,8.201273,32.38058,0.11962465,2.2641604,1127.4957,7.9389653,1.247989,0.015942477,0.159959,0.00084235653
Upper-middle-income countries,2006,8.11415,35.204227,0.16018488,4.2974706,1196.5938,7.8342133,2.606329,0.028135918,0.209869,0.0010487451
Upper-middle-income countries,2007,8.058006,42.788284,0.18198706,6.9248147,1255.337,7.725489,4.836329,0.042616095,0.254489,0.0011199618
Upper-middle-income countries,2008,8.728526,49.19121,0.2317504,15.638934,1401.0459,8.311083,9.484396,0.09277099,0.309595,0.0013747541
Upper-middle-income countries,2009,8.697507,59.508556,0.3777941,31.327564,1395.7435,8.125275,19.934596000000003,0.18237245,0.48509497,0.0021993644
Upper-middle-income countries,2010,9.102673,74.54249,0.83761156,56.830887,1528.0691,8.329259,33.446965,0.30977598,1.134408,0.0045657023
Upper-middle-income countries,2011,8.733964,79.25061,2.9351032,85.548935,1532.4834,7.82215,51.85634,0.43666148,3.4042173,0.014981389
Upper-middle-income countries,2012,9.41079,85.57236,5.158471,122.00638,1691.3461,8.30458,70.47971000000001,0.59905624,8.288913,0.025328338
Upper-middle-income countries,2013,9.651475,100.08006,12.199564,163.45099,1732.4316,8.262723,88.095234,0.77956915,20.901484,0.058185
Upper-middle-income countries,2014,10.283713,118.033714,30.022041,195.65407,1854.0936,8.600808,113.062375,0.9076042,33.521773,0.13926691
Upper-middle-income countries,2015,10.77471,130.78865,49.11272,241.32773,1910.0933,8.745689,152.18525,1.1049604,49.487402,0.22487105
Upper-middle-income countries,2016,11.453041,143.66344,79.14214,315.18817,1998.7864,8.936158,174.91392000000002,1.4091405,86.91714,0.35382804
Upper-middle-income countries,2017,11.880961,166.1108,137.13666,393.85367,2016.7548,8.732356,194.65816,1.7053488,145.83273000000003,0.5937886
Upper-middle-income countries,2018,12.425097,187.72731,208.11162,466.95074,2085.2478,8.684197,219.8074,1.9446576,196.80761,0.8666991
Upper-middle-income countries,2019,13.105095,211.42967,267.2898,526.37823,2185.3562,8.862996,248.49834,2.1347954,233.24031,1.0840284
Upper-middle-income countries,2020,13.998779,240.18889,316.23578,601.05023,2230.8035,9.088311,326.86666,2.4486833,289.18834000000004,1.288347
Upper-middle-income countries,2021,14.183052,274.83862,394.1069,819.2928,2179.6865,8.300834,382.875,3.1200883,351.68762,1.5008656
