Entity,Code,Year,Renewables (% equivalent primary energy),Geo Biomass Other - TWh,Solar Generation - TWh,Wind Generation - TWh,Hydro Generation - TWh,Electricity from wind (TWh),Electricity from hydro (TWh),Electricity from solar (TWh),Other renewables including bioenergy (TWh),Renewables (% electricity),Hydro (% equivalent primary energy),Hydro (% electricity),Wind Capacity,Wind (% equivalent primary energy),Wind (% electricity),Solar Capacity,Solar (% equivalent primary energy),Solar (% electricity),Biofuels Production - TWh - Total,Geothermal Capacity
China,CHN,1965,4.253407,0.0,0.0,0.0,22.097,0.0,22.097,0.0,0.0,,4.253407,,,0.0,,,0.0,,,
China,CHN,1966,3.9831228,0.0,0.0,0.0,22.485907,0.0,22.485907,0.0,0.0,,3.9831228,,,0.0,,,0.0,,,
China,CHN,1967,3.818398,0.0,0.0,0.0,19.383488,0.0,19.383488,0.0,0.0,,3.818398,,,0.0,,,0.0,,,
China,CHN,1968,4.458871,0.0,0.0,0.0,22.870396,0.0,22.870396,0.0,0.0,,4.458871,,,0.0,,,0.0,,,
China,CHN,1969,3.7274022,0.0,0.0,0.0,23.259302,0.0,23.259302,0.0,0.0,,3.7274022,,,0.0,,,0.0,,,
China,CHN,1970,3.0095923,0.0,0.0,0.0,24.037117,0.0,24.037117,0.0,0.0,,3.0095923,,,0.0,,,0.0,,,
China,CHN,1971,3.0704048,0.0,0.0,0.0,29.075233,0.0,29.075233,0.0,0.0,,3.0704048,,,0.0,,,0.0,,,
China,CHN,1972,3.2275975,0.0,0.0,0.0,32.951046,0.0,32.951046,0.0,0.0,,3.2275975,,,0.0,,,0.0,,,
China,CHN,1973,3.417015,0.0,0.0,0.0,36.82686,0.0,36.82686,0.0,0.0,,3.417015,,,0.0,,,0.0,,,
China,CHN,1974,3.7493546,0.0,0.0,0.0,41.674942,0.0,41.674942,0.0,0.0,,3.7493546,,,0.0,,,0.0,,,
China,CHN,1975,3.5038238,0.0,0.0,0.0,43.610638,0.0,43.610638,0.0,0.0,,3.5038238,,,0.0,,,0.0,,,
China,CHN,1976,3.3725684,0.0,0.0,0.0,44.194,0.0,44.194,0.0,0.0,,3.3725684,,,0.0,,,0.0,,,
China,CHN,1977,3.228714,0.0,0.0,0.0,46.134117,0.0,46.134117,0.0,0.0,,3.228714,,,0.0,,,0.0,,,
China,CHN,1978,2.7594638,0.0,0.0,0.0,43.22615,0.0,43.22615,0.0,0.0,,2.7594638,,,0.0,,,0.0,,,
China,CHN,1979,3.0088992,0.0,0.0,0.0,48.555946,0.0,48.555946,0.0,0.0,,3.0088992,,,0.0,,,0.0,,,
China,CHN,1980,3.5661976,0.0,0.0,0.0,58.221176,0.0,58.221176,0.0,0.0,,3.5661976,,,0.0,,,0.0,,,
China,CHN,1981,4.066497,0.0,0.0,0.0,65.51318,0.0,65.51318,0.0,0.0,,4.066497,,,0.0,,,0.0,,,
China,CHN,1982,4.4212723,0.0,0.0,0.0,74.41386,0.0,74.41386,0.0,0.0,,4.4212723,,,0.0,,,0.0,,,
China,CHN,1983,4.8234906,0.0,0.0,0.0,86.41695,0.0,86.41695,0.0,0.0,,4.8234906,,,0.0,,,0.0,,,
China,CHN,1984,4.515455,0.0,0.0,0.0,86.8147,0.0,86.8147,0.0,0.0,,4.515455,,,0.0,,,0.0,,,
China,CHN,1985,4.44183,0.0,0.0,0.0,92.38756,0.0,92.38756,0.0,0.0,22.495691,4.44183,22.495691,,0.0,0.0,,0.0,0.0,,
China,CHN,1986,4.3385277,0.0,0.0,0.0,94.548645,0.0,94.548645,0.0,0.0,21.032778,4.3385277,21.032778,,0.0,0.0,,0.0,0.0,,
China,CHN,1987,4.2555475,0.0,0.0,0.0,100.02428,0.0,100.02428,0.0,0.0,20.114803,4.2555475,20.114803,,0.0,0.0,,0.0,0.0,,
China,CHN,1988,4.3230724,0.0,0.0,0.0,109.16802,0.0,109.16802,0.0,0.0,20.023113,4.3230724,20.023113,,0.0,0.0,,0.0,0.0,,
China,CHN,1989,4.468027,0.0,0.0,0.0,118.40898,0.0,118.40898,0.0,0.0,20.247429,4.468027,20.247429,,0.0,0.0,,0.0,0.0,,
China,CHN,1990,4.7236676,0.064,0.002,0.002020202,126.74397,0.002020202,126.74397,0.002,0.064,20.414036,4.721199,20.403086,,7.523349e-05,0.0003252096,,7.453365e-05,0.0003219575,0.0,29.3
China,CHN,1991,4.424778,0.064,0.002,0.009090909,124.68895,0.009090909,124.68895,0.002,0.064,18.413998,4.422177,18.402914,,0.00032250112,0.0013417326,,7.096357e-05,0.00029518118,0.0,
China,CHN,1992,4.4127016,0.113,0.003,0.13131313,130.68608,0.13131313,130.68608,0.003,0.113,17.366556,4.404492,17.333752,,0.004425624,0.01741692,,0.00010099618,0.00039790967,0.0,
China,CHN,1993,4.7578607,0.117,0.004,0.21212122,151.84616,0.21212122,151.84616,0.004,0.117,18.75076,4.747567,18.709713,,0.006632106,0.026136499,,0.00012511939,0.0004928597,0.0,
China,CHN,1994,4.952474,0.46,0.005,0.3838384,167.42897,0.3838384,167.42897,0.005,0.46,18.137295,4.926808,18.045803,,0.011294927,0.041370813,,0.00014705995,0.0005389092,0.0,
China,CHN,1995,5.55382,3.014,0.007,0.61616164,190.58,0.61616164,190.58,0.007,3.014,19.286135,5.4434624,18.924957,,0.017599184,0.061186027,,0.00019989497,0.0006951134,0.0,26.3
China,CHN,1996,5.143133,1.533,0.009,0.093939394,187.97,0.093939394,187.97,0.009,1.533,17.534836,5.095832,17.383543,,0.0025466795,0.008687554,0.001,0.00024397188,0.0008323237,0.0,
China,CHN,1997,5.361734,2.722,0.011,0.1979798,195.98,0.1979798,195.98,0.011,2.722,17.516706,5.2773304,17.258596,0.146,0.005331182,0.017434705,0.0025,0.00029620752,0.0009686936,0.0,
China,CHN,1998,5.4277782,2.48,0.014,0.35555556,198.89,0.35555556,198.89,0.014,2.48,17.287024,5.34623,17.042845,0.2,0.009557452,0.030467486,0.005,0.00037632405,0.0011996573,0.0,
China,CHN,1999,5.188286,2.52,0.017,0.4737374,196.58,0.4737374,196.58,0.017,2.52,16.105118,5.10523,15.86218,0.262,0.012303074,0.038226206,0.01,0.0004414947,0.0013717421,0.0,
China,CHN,2000,5.656925,2.537,0.022,0.589899,222.41,0.59,222.41,0.02,2.537,16.639128,5.573289,16.406757,0.341,0.014782058,0.043523163,0.033515,0.0005512908,0.0014753615,0.0,21.7
China,CHN,2001,6.618624,2.554,0.031,0.7191919,277.43,0.72,277.43,0.03,2.554,18.958124,6.5358973,18.73527,0.383,0.016943244,0.048622694,0.03802,0.0007303202,0.0020259456,0.053060662,21.7
China,CHN,2002,6.2804885,2.546,0.048,0.83737373,287.97,0.84,287.97,0.05,2.546,17.6185,6.1892962,17.41052,0.449,0.017997546,0.050785974,0.05653,0.0010316577,0.0030229746,1.7684788,21.7
China,CHN,2003,5.3011093,2.536,0.064,0.9969697,283.68,1.0,283.68,0.06,2.536,15.036272,5.200834,14.847848,0.547,0.018277897,0.052340128,0.0665999999999999,0.0011733418,0.0031404076,4.856231,21.7
China,CHN,2004,5.60094,2.528,0.076,1.2777778,353.544,1.28,353.54,0.08,2.528,16.22241,5.5042586,16.045858,0.763,0.019893479,0.058094412,0.0766,0.0011832295,0.0036309008,5.965346,21.7
China,CHN,2005,5.554481,5.322,0.084,1.9460607,397.017,1.95,397.02,0.08,5.322,16.173119,5.4064536,15.8791485,1.06,0.026500845,0.07799189,0.1412,0.0011438854,0.0031996672,8.368024,21.7
China,CHN,2006,5.5779824,7.133,0.095,3.7118182,435.786,3.71,435.79,0.09,7.133,15.588404,5.3799367,15.206999,2.07,0.04582375,0.12946136,0.1601999999999999,0.001172809,0.003140572,12.231145,21.7
China,CHN,2007,5.718535,9.863,0.114,5.479293,485.264,5.48,485.26,0.11,9.863,15.258385,5.47777,14.787569,4.2,0.061851494,0.16699477,0.199,0.0012868581,0.0033520847,13.484257,21.7
China,CHN,2008,7.268667,14.866,0.152,13.1,636.96,13.1,636.96,0.15,14.866,19.025333,6.879183,18.220932,8.387728,0.14148031,0.37473968,0.253,0.0016416038,0.0042909128,16.731058,24.8
China,CHN,2009,6.9355316,20.85932,0.279,27.614998,615.644,27.61,615.64,0.28,20.85932,17.885717,6.3305826,16.573343,17.599408,0.2839612,0.7432753,0.4148,0.0028689185,0.0075377426,18.286423,24.8
China,CHN,2010,7.615998,24.90023,0.701,49.39962,711.3831,49.4,711.38,0.7,24.90023,18.780075,6.795924,16.988949,29.633479,0.4719202,1.179755,1.0218,0.006696733,0.016717177,17.774601,24.1
China,CHN,2011,7.084204,27.632,2.61,74.1,688.045,74.1,688.04,2.61,27.632,16.890234,6.0576506,14.666141,46.3546,0.65238744,1.5795027,3.1078,0.022978827,0.055634305,22.119543,26.2
China,CHN,2012,8.522597,30.133,3.5945098,103.049904,862.7941,103.05,862.79,3.59,30.133,20.122967,7.252299,17.369537,61.59687,0.8661959,2.0745845,6.7178,0.030214002,0.07227325,23.6831,26.2
China,CHN,2013,8.959421,37.133,8.373886,138.26413,909.61224,138.26,909.61,8.37,37.133,20.215248,7.3241687,16.81772,76.73053,1.1132983,2.5562801,17.747799999999998,0.067426264,0.15475239,26.360819,26.0
China,CHN,2014,10.19733,46.26822,23.51216,159.7627,1059.6917,159.76,1059.69,23.51,46.26822,22.35022,8.24093,18.37089,96.81913,1.2424304,2.7696152,28.3878,0.18284759,0.4075717,29.27855,25.95
China,CHN,2015,10.787498,54.07029,39.48057,185.59145,1114.5154,185.59,1114.52,39.48,54.07029,24.079271,8.506526,19.256367,131.04773,1.4165245,3.2065725,43.5378,0.30133498,0.6821245,24.932436,25.75
China,CHN,2016,11.530947,62.134766,66.52795,240.8605,1153.2675,240.86,1153.27,66.53,62.134766,25.000778,8.605503,18.934093,148.51689000000002,1.7972635,3.9543781,77.7878,0.49642125,1.0922726,23.978706,25.75
China,CHN,2017,12.138821,79.59891,117.8,304.6,1165.065,304.6,1165.06,117.8,79.59891,25.419243,8.354614,17.764774,164.37448,2.184269,4.6445246,130.80129,0.84473693,1.7962083,29.046839,25.75
China,CHN,2018,12.807393,93.72523,176.9,365.8,1198.887,365.8,1198.89,176.9,93.72523,25.774794,8.221995,16.836924,184.66488,2.508665,5.1372075,175.01586,1.2131844,2.4843411,28.014196,25.75
China,CHN,2019,13.51596,112.72523,224.0,405.3,1272.538,405.3,1272.54,224.0,112.72523,26.999567,8.39045,17.05477,209.5819,2.672336,5.431891,204.5748,1.4769387,3.0020812,33.9185,26.0
China,CHN,2020,14.242872,135.625,261.1,466.5,1321.709,466.5,1321.71,261.1,135.625,28.24646,8.467438,17.086798,282.11266,2.9886,6.030817,253.4178,1.672719,3.3754478,35.785557,26.0
China,CHN,2021,14.946244,169.93158,327.0,655.6,1300.0,655.6,1300.0,327.0,169.93158,28.907642,7.768007,15.322926,328.97344,3.9174657,7.7274694,306.4028,1.9539526,3.854305,39.64496,
France,FRA,1965,10.584984,0.0,0.0,0.0,46.881092,0.0,46.881092,0.0,0.0,,10.584984,,,0.0,,,0.0,,,
France,FRA,1966,11.602393,0.39,0.0,0.0,52.20847,0.0,52.20847,0.0,0.39,,11.509577,,,0.0,,,0.0,,,
France,FRA,1967,9.537199,0.605,0.0,0.0,45.37766,0.0,45.37766,0.0,0.605,,9.401877,,,0.0,,,0.0,,,
France,FRA,1968,10.09288,0.926,0.0,0.0,50.42261,0.0,50.42261,0.0,0.926,,9.896674,,,0.0,,,0.0,,,
France,FRA,1969,9.634168,1.067,0.0,0.0,52.94209,0.0,52.94209,0.0,1.067,,9.429019,,,0.0,,,0.0,,,
France,FRA,1970,9.537436,1.3702458,0.0,0.0,56.681484,0.0,56.681484,0.0,1.3702458,,9.294863,,,0.0,,,0.0,,,
France,FRA,1971,7.9428425,1.3918225,0.0,0.0,48.856724,0.0,48.856724,0.0,1.3918225,,7.7058578,,,0.0,,,0.0,,,
France,FRA,1972,7.446317,1.5151953,0.0,0.0,48.831467,0.0,48.831467,0.0,1.5151953,,7.20497,,,0.0,,,0.0,,,
France,FRA,1973,6.7090616,1.5500864,0.0,0.0,47.696262,0.0,47.696262,0.0,1.5500864,,6.481657,,,0.0,,,0.0,,,
France,FRA,1974,8.01622,1.5770591,0.0,0.0,56.230286,0.0,56.230286,0.0,1.5770591,,7.780643,,,0.0,,,0.0,,,
France,FRA,1975,9.053055,1.4158849,0.0,0.0,60.107937,0.0,60.107937,0.0,1.4158849,,8.828549,,,0.0,,,0.0,,,
France,FRA,1976,6.8996778,1.3329,0.0,0.0,48.56463,0.0,48.56463,0.0,1.3329,,6.70113,,,0.0,,,0.0,,,
France,FRA,1977,10.595119,1.3745815,0.0,0.0,76.322975,0.0,76.322975,0.0,1.3745815,,10.39305,,,0.0,,,0.0,,,
France,FRA,1978,9.109527,1.4183881,0.0,0.0,68.35983,0.0,68.35983,0.0,1.4183881,,8.909949,,,0.0,,,0.0,,,
France,FRA,1979,8.611678,1.4840102,0.0,0.0,66.419136,0.0,66.419136,0.0,1.4840102,,8.408854,,,0.0,,,0.0,,,
France,FRA,1980,9.114398,1.4710236,0.0,0.0,69.52675,0.0,69.52675,0.0,1.4710236,,8.910869,,,0.0,,,0.0,,,
France,FRA,1981,9.551752,1.4921525,0.0,0.0,72.19517,0.0,72.19517,0.0,1.4921525,,9.343281,,,0.0,,,0.0,,,
France,FRA,1982,9.705157,1.52734,0.0,0.0,70.57486,0.0,70.57486,0.0,1.52734,,9.483593,,,0.0,,,0.0,,,
France,FRA,1983,9.325617,1.5587,0.0,0.0,69.443016,0.0,69.443016,0.0,1.5587,,9.104992,,,0.0,,,0.0,,,
France,FRA,1984,8.554503,1.6223,0.0,0.0,65.69011,0.0,65.69011,0.0,1.6223,,8.332356,,,0.0,,,0.0,,,
France,FRA,1985,7.887791,1.65215,0.0,0.0,62.453335,0.0,62.453335,0.0,1.65215,18.663372,7.668782,18.182373,,0.0,0.0,,0.0,0.0,,
France,FRA,1986,7.7647924,1.6628,0.0,0.0,63.010845,0.0,63.010845,0.0,1.6628,17.854536,7.549715,17.395485,,0.0,0.0,,0.0,0.0,,
France,FRA,1987,8.584645,1.7506,0.0,0.0,71.087555,0.0,71.087555,0.0,1.7506,19.276115,8.362334,18.812828,,0.0,0.0,,0.0,0.0,,
France,FRA,1988,9.174313,1.77325,0.0,0.0,77.11729,0.0,77.11729,0.0,1.77325,20.144228,8.952092,19.691439,,0.0,0.0,,0.0,0.0,,
France,FRA,1989,5.5997367,1.84145,0.0,0.0,46.842293,0.0,46.842293,0.0,1.84145,11.986945,5.3717656,11.533543,,0.0,0.0,,0.0,0.0,,
France,FRA,1990,6.222641,1.913,0.0,0.000271526,53.866,0.0,53.87,0.0,1.91,13.370086,5.992851,12.9122715,,3.0203992e-05,0.0,,0.0,0.0,0.0,4.2
France,FRA,1991,6.2665405,2.102,0.0,0.000489604,57.602,0.0,57.6,0.0,2.1100001,13.2212925,6.0289803,12.754086,,5.1226154e-05,0.0,,0.0,0.0,0.0,
France,FRA,1992,7.399244,2.134,0.001488,0.000489604,68.956,0.0,68.96,0.0,2.1399999,15.45585,7.157376,14.990653,,5.0800405e-05,0.0,,0.00015444885,0.0,0.02624891,
France,FRA,1993,6.9688835,1.974,0.001683,0.00240218,64.895,0.0,64.89,0.0,1.97,14.23583,6.734607,13.816378,,0.0002495679,0.0,,0.00017450257,0.0,0.2923782,
France,FRA,1994,8.563506,2.157,0.0018785,0.004704,78.794,0.0,78.79,0.0,2.1599998,17.056469,8.27928,16.601349,,0.00049452117,0.0,,0.00019741362,0.0,0.94942665,
France,FRA,1995,7.823903,2.329,0.00204,0.0047142,73.119,0.0,73.12,0.0,2.33,15.360343,7.504825,14.885994,,0.00048401835,0.0,,0.00020922704,0.0,1.8613815,4.2
France,FRA,1996,6.882894,2.423,0.0026503,0.0074302,66.044,0.01,66.04,0.0,2.42,13.447639,6.5358534,12.970383,,0.00073534844,0.0019640191,0.004,0.00026215962,0.0,2.678552,
France,FRA,1997,6.803889,2.675,0.0034068,0.0111284,63.764,0.01,63.76,0.0,2.67,13.262536,6.3971257,12.727563,0.013,0.0011164609,0.0019961675,0.006,0.0003421084,0.0,3.2066004,
France,FRA,1998,6.470214,2.653,0.0040885,0.0194972,62.093,0.02,62.09,0.0,2.65,12.766879,6.089973,12.240513,0.021,0.0019122529,0.003942829,0.008,0.00040078338,0.0,2.9976673,
France,FRA,1999,7.388863,2.853,0.0045475,0.03694443,72.514,0.04,72.51,0.0,2.85,14.465783,6.9885454,13.911325,0.025,0.00356052,0.0076741558,0.009,0.00043818555,0.0,3.1512532,
France,FRA,2000,6.7445607,2.986,0.00522325,0.048,66.363,0.05,64.78,0.01,2.99,12.71177,6.3152604,12.140181,0.038,0.004567796,0.009370315,0.007,0.0004970359,0.001874063,3.7758656,0.0
France,FRA,2001,7.405367,3.334,0.0061605,0.131,74.268,0.13,72.62,0.01,3.33,13.996136,6.93655,13.35786,0.066,0.012235258,0.023912443,0.007,0.00057579303,0.0018394187,3.7668989,0.0
France,FRA,2002,6.175621,3.537,0.00710345,0.265,60.397,0.27,58.88,0.01,3.53,11.354416,5.6627903,10.664349,0.138,0.024846254,0.048902415,0.008,0.0006656439,0.0018112005,4.034773,0.0
France,FRA,2003,5.962182,3.717,0.0077673,0.388,58.943,0.39,57.35,0.01,3.72,10.978354,5.435075,10.242535,0.218,0.035777085,0.06965281,0.009,0.0007162672,0.0017859695,4.430088,0.0
France,FRA,2004,5.970315,3.782,0.008447984,0.595,59.555,0.59,58.04,0.01,3.78,11.005131,5.4121256,10.232903,0.358,0.054071266,0.10402157,0.011,0.0007673786,0.0017630776,4.643859,0.0
France,FRA,2005,5.365334,3.872,0.01050076,0.962,51.48,0.96,50.14,0.01,3.8700001,9.647984,4.676072,8.798653,0.6900000000000001,0.08738115,0.16846244,0.013,0.00095381454,0.001754817,7.501699,0.0
France,FRA,2006,5.969732,3.841,0.01190605,2.182,56.303,2.18,54.88,0.01,3.8400002,10.723592,5.123061,9.661972,1.412,0.19854215,0.38380283,0.015,0.0010833412,0.0017605633,7.866113,0.0
France,FRA,2007,6.6387134,4.216,0.018,4.07,57.604,4.07,55.99,0.02,4.22,11.437008,5.30155,9.958912,2.223,0.37458006,0.7239288,0.026,0.001656621,0.0035573894,13.113837,0.0
France,FRA,2008,7.6322675,4.436,0.042,5.694,63.654,5.69,62.16,0.04,4.44,12.748745,5.803908,10.956201,3.403,0.5191732,1.0029083,0.08,0.0038295197,0.007050322,24.178932,0.0
France,FRA,2009,7.70645,4.578,0.174,7.912,56.994,7.91,55.49,0.17,4.58,12.877686,5.4697347,10.48544,4.582,0.7593175,1.4946806,0.277,0.016698845,0.032123353,27.055717,0.0
France,FRA,2010,8.220292,4.917,0.62,9.945,62.714,9.94,61.2,0.62,4.92,13.624007,5.8066397,10.87362,5.912,0.92079973,1.7660749,1.044,0.057405315,0.110157594,26.374874,0.0
France,FRA,2011,7.185518,5.48,2.078,12.052,44.791,12.37,45.74,2.33,5.58,11.6355295,4.288427,8.061332,6.758016,1.1538953,2.1801198,3.003574,0.19895405,0.41064504,26.244072,16.3
France,FRA,2012,9.137363,6.3471003,4.016,15.107985,58.78245,15.18,59.83,4.43,5.8100004,15.033152,5.5905185,10.550539,7.607496,1.4368485,2.6768708,4.358754,0.38194263,0.7811948,30.628035,15.3
France,FRA,2013,10.4594345,7.80987,4.735,16.054344,70.84405,16.13,71.92,5.19,6.18,17.246943,6.6261725,12.476364,8.155961,1.5015919,2.7981608,5.277289,0.44287318,0.90033823,28.553371,16.3
France,FRA,2014,10.459279,8.320374,5.913,17.250189,62.829517,17.32,63.77,6.39,6.5499997,16.6075,6.0971355,11.263003,9.201425,1.674002,3.059044,6.034418,0.57381254,1.1285964,28.88099,16.3
France,FRA,2015,10.147399,8.844254,7.2631626,21.350168,54.556957,21.42,55.56,7.75,7.11,16.002232,5.2318974,9.680792,10.29818,2.0474362,3.7322276,7.137517,0.696522,1.3503624,30.707294,16.3
France,FRA,2016,10.975246,9.635901,8.164943,21.307964,59.923428,21.38,60.84,8.66,8.12,17.721292,5.8102303,10.890539,11.566564,2.0660396,3.8270829,7.702081000000001,0.79168034,1.5501655,28.094324,15.51
France,FRA,2017,10.437264,10.333821,9.102625,24.54369,48.964455,24.61,50.0,9.59,8.43,16.657675,4.75486,8.991511,13.499357,2.3833985,4.425622,8.610437,0.8839415,1.724572,27.349375,15.9
France,FRA,2018,12.132495,10.550078,10.411551,28.53087,63.915768,28.6,65.11,10.92,8.99,19.731518,6.058622,11.307157,14.900146,2.7044618,4.9667435,9.672296,0.98691845,1.896393,31.01172,15.9
France,FRA,2019,12.384905,10.743961,11.747336,34.61536,56.027714,34.72,56.91,12.33,9.25,20.011667,5.405574,10.059748,16.456854,3.3397024,6.137312,10.807874,1.1333872,2.1795235,28.762793,15.9
France,FRA,2020,14.788747,10.668056,12.925406,39.74983,61.17179,39.86,62.59,13.46,9.37,23.761024,6.5299044,11.871029,17.484002,4.2431736,7.559981,12.022225,1.3797481,2.5528686,26.882746,16.0
France,FRA,2021,13.671011,11.1924715,14.605709,36.96734,57.966537,36.83,59.62,15.73,10.18,22.231913,5.8052735,10.832516,18.676002,3.7022312,6.6917405,14.709225,1.4627429,2.8580253,29.719494,
France,FRA,2022,,,,,,38.46,46.18,19.98,10.6,24.542046,,9.836414,,,8.192042,,,4.255772,,
Germany,DEU,1965,1.614503,0.0,0.0,0.0,16.21221,0.0,16.21221,0.0,0.0,,1.614503,,,0.0,,,0.0,,,
Germany,DEU,1966,1.7416129,0.0,0.0,0.0,17.533998,0.0,17.533998,0.0,0.0,,1.7416129,,,0.0,,,0.0,,,
Germany,DEU,1967,1.6582538,0.0,0.0,0.0,16.652311,0.0,16.652311,0.0,0.0,,1.6582538,,,0.0,,,0.0,,,
Germany,DEU,1968,1.5761398,0.0,0.0,0.0,16.89899,0.0,16.89899,0.0,0.0,,1.5761398,,,0.0,,,0.0,,,
Germany,DEU,1969,1.1857672,0.0,0.0,0.0,13.713478,0.0,13.713478,0.0,0.0,,1.1857672,,,0.0,,,0.0,,,
Germany,DEU,1970,1.5171292,0.92002016,0.0,0.0,17.533678,0.0,17.533678,0.0,0.92002016,,1.4357978,,,0.0,,,0.0,,,
Germany,DEU,1971,1.1796806,1.0010282,0.0,0.0,13.455188,0.0,13.455188,0.0,1.0010282,,1.0919782,,,0.0,,,0.0,,,
Germany,DEU,1972,1.1219959,1.0187488,0.0,0.0,13.205894,0.0,13.205894,0.0,1.0187488,,1.0357395,,,0.0,,,0.0,,,
Germany,DEU,1973,1.2137141,1.0531049,0.0,0.0,15.229462,0.0,15.229462,0.0,1.0531049,,1.1294044,,,0.0,,,0.0,,,
Germany,DEU,1974,1.4188614,1.07625,0.0,0.0,17.638132,0.0,17.638132,0.0,1.07625,,1.3311741,,,0.0,,,0.0,,,
Germany,DEU,1975,1.4353294,1.1247102,0.0,0.0,17.059124,0.0,17.059124,0.0,1.1247102,,1.3399583,,,0.0,,,0.0,,,
Germany,DEU,1976,1.1208524,1.2776853,0.0,0.0,13.846833,0.0,13.846833,0.0,1.2776853,,1.0193156,,,0.0,,,0.0,,,
Germany,DEU,1977,1.3967295,1.2465839,0.0,0.0,17.58216,0.0,17.58216,0.0,1.2465839,,1.2974242,,,0.0,,,0.0,,,
Germany,DEU,1978,1.408961,1.317466,0.0,0.0,18.362234,0.0,18.362234,0.0,1.317466,,1.3076738,,,0.0,,,0.0,,,
Germany,DEU,1979,1.3454018,1.4433178,0.0,0.0,18.383686,0.0,18.383686,0.0,1.4433178,,1.2402805,,,0.0,,,0.0,,,
Germany,DEU,1980,1.4781905,1.9662538,0.0,0.0,19.069143,0.0,19.069143,0.0,1.9662538,,1.3301288,,,0.0,,,0.0,,,
Germany,DEU,1981,1.5739785,1.8042376,0.0,0.0,19.914673,0.0,19.914673,0.0,1.8042376,,1.4337504,,,0.0,,,0.0,,,
Germany,DEU,1982,1.6178513,1.798813,0.0,0.0,19.737993,0.0,19.737993,0.0,1.798813,,1.4729381,,,0.0,,,0.0,,,
Germany,DEU,1983,1.4992614,1.5402381,0.0,0.0,18.712017,0.0,18.712017,0.0,1.5402381,,1.3769088,,,0.0,,,0.0,,,
Germany,DEU,1984,1.4371842,1.6429448,0.0,0.0,18.479174,0.0,18.479174,0.0,1.6429448,,1.3113233,,,0.0,,,0.0,,,
Germany,DEU,1985,1.3216147,1.6440297,0.0,0.0,17.40065,0.0,17.40065,0.0,1.6440297,3.6446776,1.1992912,3.3300512,,0.0,0.0,,0.0,0.0,,
Germany,DEU,1986,1.4105299,1.5955696,0.0,0.001,18.571981,0.001,18.571981,0.0,1.5955696,3.8522167,1.2907481,3.54727,,6.92049e-05,0.00019100118,,0.0,0.0,,
Germany,DEU,1987,1.5094993,1.4458493,0.0,0.002,20.34297,0.002,20.34297,0.0,1.4458493,4.0926185,1.4018048,3.820692,,0.00013787978,0.00037562777,,0.0,0.0,,
Germany,DEU,1988,1.5009333,1.6378818,0.0,0.008,20.079391,0.008,20.079391,0.0,1.6378818,3.9537015,1.3789544,3.6541736,,0.00054965063,0.0014558901,,0.0,0.0,,
Germany,DEU,1989,1.3991727,1.7492679,0.0,0.026,18.243729,0.026,18.243729,0.0,1.7492679,3.5756316,1.2662935,3.2585475,,0.0018046536,0.0046439106,,0.0,0.0,,
Germany,DEU,1990,1.33694,1.435,0.001,0.071,17.335,0.07,17.43,0.0,1.6,3.4929228,1.222604,3.1875205,,0.00500749,0.012801288,,7.022886e-05,0.0,0.0,0.0
Germany,DEU,1991,1.2709577,1.511,0.001,0.1,15.85,0.22,14.89,0.0,1.87,3.1689155,1.1457437,2.7788663,,0.007228666,0.041057795,,7.1979994e-05,0.0,0.0,
Germany,DEU,1992,1.5204551,1.562,0.002,0.275,18.635,0.29,17.4,0.0,2.04,3.6971107,1.374379,3.260503,,0.020281952,0.05434172,,0.00014757218,0.0,0.05167209,
Germany,DEU,1993,1.5835441,1.663,0.003,0.6,18.96,0.67,17.88,0.0,1.97,3.9273474,1.4045883,3.4220748,,0.044449,0.12823212,,0.00022199804,0.0,0.05167209,
Germany,DEU,1994,1.7396334,1.906,0.004,0.909,20.195,1.43,19.93,0.01,2.07,4.4629765,1.5102125,3.7946725,,0.06797639,0.27227202,,0.000299262,0.0019040002,0.28933114,
Germany,DEU,1995,1.8891898,2.049,0.005,1.5,21.556,1.71,21.78,0.01,2.43,4.8666506,1.6036263,4.087761,,0.11159026,0.32093993,,0.00037178717,0.0018768416,0.36166975,0.0
Germany,DEU,1996,1.6823945,2.143,0.006,2.032,18.818,2.08,21.96,0.01,2.5,4.821224,1.3552536,3.9877245,,0.14634264,0.37770796,0.028,0.00043231042,0.0018159037,0.5683348,
Germany,DEU,1997,1.8035167,2.297,0.011,2.966,18.952,3.03,17.36,0.02,2.65,4.2079525,1.3826368,3.1678255,2.089,0.21638356,0.5529096,0.042,0.0008025029,0.0036495684,0.9300046,
Germany,DEU,1998,1.970565,2.718,0.015,4.489,19.002,4.59,17.22,0.04,3.06,4.509577,1.3978573,3.117419,2.877,0.33022738,0.8309497,0.054,0.0011034524,0.0072413916,1.0333371,
Germany,DEU,1999,2.2275858,2.94,0.019,5.528,20.686,5.53,19.65,0.03,3.51,5.197814,1.5432659,3.5563037,4.4350000000000005,0.41241297,1.0008326,0.07,0.0014174826,0.0054294714,1.3433348,
Germany,DEU,2000,2.8871117,3.4,0.0,9.5,24.9,9.35,21.73,0.06,4.33,6.1977983,1.8461816,3.7969596,6.095,0.7043665,1.6337587,0.114,0.0,0.010484012,2.583337,0.0
Germany,DEU,2001,2.9411676,5.2,0.1,10.5,23.2,10.46,22.73,0.12,4.59,6.513259,1.6775793,3.9062364,8.754,0.75924927,1.7975906,0.195,0.0072309473,0.020622455,3.6166625,0.0
Germany,DEU,2002,3.538632,6.4,0.2,15.8,23.7,15.86,23.12,0.19,5.31,7.6431365,1.7243558,3.9727814,12.001,1.1495706,2.7252731,0.26,0.014551527,0.03264829,5.6833367,0.0
Germany,DEU,2003,3.6419897,8.948651,0.313,19.087,18.321198,19.09,18.32,0.31,8.95,7.745544,1.3248755,3.0404623,14.381,1.3802536,3.1682546,0.435,0.022634221,0.051448867,6.912907,0.0
Germany,DEU,2004,4.5165977,10.635514,0.557,26.019,20.745722,26.02,20.75,0.56,10.64,9.498919,1.4908614,3.4000785,16.419,1.8698179,4.2636166,1.105,0.040028,0.09176116,10.579198,0.2
Germany,DEU,2005,5.2084193,14.7062,1.308,27.774,19.638,27.77,19.64,1.28,14.71,10.335665,1.41905,3.201774,18.248,2.0069606,4.5271516,2.056,0.09451661,0.20866957,16.176365,0.2
Germany,DEU,2006,6.0263047,18.9344,2.265,31.324,20.031,31.32,20.03,2.22,18.94,11.512996,1.4030259,3.1803243,20.474,2.1940184,4.9729285,2.899,0.15864678,0.35248727,26.60217,0.2
Germany,DEU,2007,7.6538334,24.6164,3.137,40.507,21.17,40.51,21.17,3.08,24.62,14.135471,1.5374829,3.3480413,22.116,2.941843,6.406667,4.17,0.22782634,0.48710284,33.02326,3.0
Germany,DEU,2008,7.8176284,28.0316,4.508,41.385,20.443,41.38,20.44,4.42,28.04,14.88945,1.459999,3.2280478,22.794,2.9556358,6.53506,6.12,0.32195252,0.6980417,29.390696,3.0
Germany,DEU,2009,8.45428,30.9048,6.715,39.42,19.031,39.42,19.03,6.58,30.91,16.290285,1.4394774,3.231229,25.732,2.981672,6.693381,10.564,0.50791293,1.1172615,29.409874,8.0
Germany,DEU,2010,8.792469,33.9517,11.963,38.547,20.953,38.55,20.95,11.73,33.949997,16.8385,1.5116826,3.353932,26.903,2.7810256,6.1715546,18.004,0.8630869,1.8778816,36.448257,8.0
Germany,DEU,2011,10.566965,36.9098,19.991,49.857,17.671,49.86,17.67,19.6,36.91,20.496721,1.3137597,2.9198408,28.712,3.7066445,8.239007,25.914,1.4862412,3.2387595,35.813656,6.0
Germany,DEU,2012,11.899699,43.2284,26.744,51.68,21.755,51.68,21.75,26.38,43.23,23.056463,1.5856501,3.5058591,30.979,3.7667844,8.330244,34.075,1.9492818,4.252164,33.560238,16.0
Germany,DEU,2013,12.063335,45.593,30.621,52.737,22.998,52.74,23.0,31.01,45.59,24.136892,1.6202364,3.6441414,33.477000000000004,3.715384,8.356174,36.708,2.1572857,4.9132533,35.74399,26.0
Germany,DEU,2014,13.278847,48.385,34.558,58.497,19.587,58.5,19.59,36.06,48.39,26.21824,1.4310244,3.1599321,38.614,4.273785,9.436245,37.898,2.5248044,5.8165984,39.94682,29.0
Germany,DEU,2015,14.823544,50.459,37.171,80.624,18.977,80.62,18.98,38.73,50.460003,29.472189,1.3525369,2.962986,44.58,5.746268,12.585667,39.222,2.6492674,6.0461774,36.827896,29.0
Germany,DEU,2016,14.607312,51.103,36.67,79.924,20.546,79.92,20.55,38.1,51.1,29.499044,1.4321636,3.1961057,49.435,5.5711207,12.429818,40.677,2.5560908,5.9256263,37.246746,33.0
Germany,DEU,2017,16.196213,51.08,37.893,105.693,20.15,105.69,20.15,39.4,51.079998,33.48555,1.3784059,3.1191468,55.58,7.2301664,16.360428,42.291,2.5921555,6.098977,38.017643,32.0
Germany,DEU,2018,17.084951,50.972,43.459,109.951,17.693,109.95,17.69,43.46,50.97,35.097675,1.2341868,2.7958655,58.721,7.6697044,17.377356,45.156,3.0315113,6.8687572,39.05974,35.0
Germany,DEU,2019,18.768305,50.323,44.383,125.894,19.731,125.89,19.73,44.38,50.33,40.089077,1.407511,3.2911308,60.742,8.980649,20.999517,48.912,3.1660612,7.4029593,40.795673,40.0
Germany,DEU,2020,21.122828,51.092,48.641,132.102,18.322,132.1,18.72,49.5,51.16,44.332405,1.4019129,3.3000739,62.188,10.107821,23.287382,53.719,3.7217796,8.726157,39.174717,40.0
Germany,DEU,2021,19.453121,50.9,49.0,117.7,19.1,114.65,19.66,49.34,47.15,39.64001,1.423246,3.3766146,63.76,8.770474,19.691193,58.459,3.65126,8.474169,33.663513,
Germany,DEU,2022,,,,,,126.1,17.45,58.98,47.54,42.893654,,2.993139,,,21.629503,,,10.116638,,
Italy,ITA,1965,14.399823,2.676,0.0,0.0,42.634,0.0,42.634,0.0,2.676,,13.578179,,,0.0,,,0.0,,,
Italy,ITA,1966,13.78976,3.351,0.0,0.0,43.72,0.0,43.72,0.0,3.351,,12.821482,,,0.0,,,0.0,,,
Italy,ITA,1967,12.396455,3.475,0.0,0.0,42.34,0.0,42.34,0.0,3.475,,11.465374,,,0.0,,,0.0,,,
Italy,ITA,1968,11.592197,3.617,0.0,0.0,42.677,0.0,42.677,0.0,3.617,,10.694671,,,0.0,,,0.0,,,
Italy,ITA,1969,10.465505,3.812,0.0,0.0,41.166,0.0,41.166,0.0,3.812,,9.584585,,,0.0,,,0.0,,,
Italy,ITA,1970,9.408058,4.228,0.0,0.0,40.373,0.0,40.373,0.0,4.228,,8.514406,,,0.0,,,0.0,,,
Italy,ITA,1971,8.673787,4.209,0.0,0.0,39.079,0.0,39.079,0.0,4.209,,7.827654,,,0.0,,,0.0,,,
Italy,ITA,1972,8.6231785,3.807,0.0,0.0,41.348,0.0,41.348,0.0,3.807,,7.897364,,,0.0,,,0.0,,,
Italy,ITA,1973,7.5719647,3.845,0.0,0.0,37.523,0.0,37.523,0.0,3.845,,6.866788,,,0.0,,,0.0,,,
Italy,ITA,1974,7.7026577,4.245,0.0,0.0,37.795,0.0,37.795,0.0,4.245,,6.9186597,,,0.0,,,0.0,,,
Italy,ITA,1975,8.419504,3.986,0.0,0.0,41.021,0.0,41.021,0.0,3.986,,7.6705613,,,0.0,,,0.0,,,
Italy,ITA,1976,7.6167636,3.812,0.0,0.0,39.176,0.0,39.176,0.0,3.812,,6.941244,,,0.0,,,0.0,,,
Italy,ITA,1977,9.689524,3.73,0.0,0.0,51.139,0.0,51.139,0.0,3.73,,9.031369,,,0.0,,,0.0,,,
Italy,ITA,1978,8.498705,3.811,0.0,0.0,45.491,0.0,45.491,0.0,3.811,,7.8411274,,,0.0,,,0.0,,,
Italy,ITA,1979,8.319645,3.825,0.0,0.0,45.947,0.0,45.947,0.0,3.825,,7.6796002,,,0.0,,,0.0,,,
Italy,ITA,1980,8.439497,3.96,0.0,0.0,45.244,0.0,45.244,0.0,3.96,,7.761143,,,0.0,,,0.0,,,
Italy,ITA,1981,8.140425,3.469,0.0,0.0,43.034,0.0,43.034,0.0,3.469,,7.540241,,,0.0,,,0.0,,,
Italy,ITA,1982,8.032729,3.521,0.0,0.0,41.461,0.0,41.461,0.0,3.521,,7.4119062,,,0.0,,,0.0,,,
Italy,ITA,1983,8.177463,3.393,0.0,0.0,41.445,0.0,41.445,0.0,3.393,,7.5680466,,,0.0,,,0.0,,,
Italy,ITA,1984,8.236616,3.472,0.0,0.0,42.401,0.0,42.401,0.0,3.472,,7.623925,,,0.0,,,0.0,,,
Italy,ITA,1985,7.9867015,3.212,0.0,0.0,41.092,0.0,41.092,0.0,3.212,23.852695,7.418739,22.123396,,0.0,0.0,,0.0,0.0,,
Italy,ITA,1986,7.8285484,3.501,0.0,0.0,41.096,0.0,41.096,0.0,3.501,23.187752,7.2224984,21.367441,,0.0,0.0,,0.0,0.0,,
Italy,ITA,1987,7.361894,3.693,0.0,0.0,39.505,0.0,39.505,0.0,3.693,21.451843,6.742578,19.617922,,0.0,0.0,,0.0,0.0,,
Italy,ITA,1988,7.3950276,3.787,0.0,0.0,40.676,0.0,40.676,0.0,3.787,21.84259,6.7756095,19.982216,,0.0,0.0,,0.0,0.0,,
Italy,ITA,1989,6.0182905,3.197,0.002020202,0.002,34.057,0.002,34.057,0.002020202,3.197,17.678774,5.519619,16.159904,,0.0003242874,0.0009489917,,0.00032733235,0.0009585775,,
Italy,ITA,1990,5.5439982,3.271,0.004,0.001919192,31.626,0.0,31.63,0.0,3.27,16.373446,5.0416975,14.839315,,0.00030549947,0.0,,0.0006379548,0.0,0.0,545.0
Italy,ITA,1991,7.020092,3.292,0.005,0.002878788,42.239,0.0,42.24,0.0,3.29,20.84421,6.528574,19.338003,,0.00044429753,0.0,,0.0007724388,0.0,0.0,
Italy,ITA,1992,7.082339,3.556,0.009,0.001919192,42.2,0.0,42.2,0.01,3.56,20.582811,6.54926,18.97738,,0.00029741146,0.0,,0.0013966676,0.00449701,0.0,
Italy,ITA,1993,7.1479244,3.783,0.011,0.003838384,41.425,0.0,41.42,0.01,3.79,20.611694,6.567815,18.879622,,0.0006091573,0.0,,0.0017440219,0.004558093,0.0,
Italy,ITA,1994,7.6455245,3.564,0.011,0.006717172,44.658,0.01,44.66,0.01,3.5700002,21.120598,7.0964465,19.549135,,0.001067322,0.0043773255,,0.0017479748,0.0043773255,0.0,
Italy,ITA,1995,6.312266,3.654,0.013,0.008636364,37.782,0.01,37.78,0.01,3.66,17.493671,5.769528,15.940928,,0.0013183131,0.004219409,,0.001985173,0.004219409,0.0,631.7
Italy,ITA,1996,7.0418596,4.139,0.014,0.031666666,42.037,0.03,42.04,0.01,4.14,19.334867,6.421277,17.586279,,0.004837181,0.012549676,0.016,0.002138538,0.0041832253,0.0,
Italy,ITA,1997,6.921144,4.47,0.015,0.118,41.603,0.12,41.6,0.01,4.46,18.790936,6.24692,16.923641,0.103,0.01771835,0.048818193,0.017,0.002252327,0.004068183,0.0,
Italy,ITA,1998,6.8061547,5.009,0.016,0.232,41.22,0.23,41.22,0.02,5.01,18.376627,6.050245,16.296999,0.197,0.034052804,0.090934254,0.018,0.0023484754,0.007907326,0.0,
Italy,ITA,1999,7.3128424,5.53,0.017,0.403,45.365,0.4,45.37,0.02,5.53,19.84532,6.4760513,17.54447,0.277,0.05753001,0.15467903,0.018,0.0024268276,0.007733952,0.0,
Italy,ITA,2000,7.1556435,6.099,0.018,0.563,44.2,0.56,44.2,0.02,6.0899997,18.900242,6.225878,16.42207,0.363,0.079302475,0.20806243,0.019,0.0025354265,0.0074308007,0.0,590.0
Italy,ITA,2001,7.6085052,6.338,0.019,1.179,46.811,1.18,46.81,0.02,6.34,20.049433,6.556299,17.267965,0.664,0.1651295,0.43529585,0.02,0.0026611239,0.007377896,0.0,573.0
Italy,ITA,2002,6.7783766,7.372,0.021,1.404,39.519,1.4,39.52,0.02,7.37,17.455557,5.5367227,14.27952,0.78,0.19670434,0.5058534,0.022,0.0029421605,0.0072264774,0.0,666.0
Italy,ITA,2003,6.33908,8.714,0.024,1.458,36.67,1.46,36.67,0.02,8.71,16.420212,4.9468937,12.849533,0.874,0.19668859,0.5115986,0.026,0.0032376759,0.0070081996,0.0,707.0
Italy,ITA,2004,7.220357,9.657,0.029,1.847,42.338,1.85,42.34,0.03,9.66,18.274939,5.551867,14.360819,1.127,0.24220084,0.62748027,0.031,0.0038028224,0.010175356,2.9394476,642.0
Italy,ITA,2005,6.4335437,9.998,0.031,2.343,36.067,2.34,36.07,0.03,9.99,16.376978,4.6937737,12.197349,1.635,0.30491894,0.79128903,0.034,0.0040343525,0.010144731,2.055556,671.0
Italy,ITA,2006,6.7299886,10.635,0.035,2.971,36.994,2.97,36.99,0.04,10.64,16.512863,4.806377,12.061826,1.902,0.38600168,0.9684677,0.045,0.0045473105,0.013043336,2.2919474,671.0
Italy,ITA,2007,6.4319706,10.827,0.039,4.034,32.815,4.03,32.82,0.04,10.83,15.533349,4.3191547,10.683247,2.702,0.53096056,1.3118064,0.11,0.005133233,0.01302041,2.076106,671.0
Italy,ITA,2008,8.19532,11.486,0.193,4.861,41.623,4.86,41.62,0.19,11.49,18.6112,5.538272,13.3184,3.525,0.6467948,1.5552,0.483,0.025680184,0.0608,7.279287,671.0
Italy,ITA,2009,10.585501,12.8987,0.677,6.543,49.138,6.54,49.14,0.68,12.9,24.083735,6.959877,17.08742,4.879,0.9267466,2.27415,1.264,0.09588988,0.23645595,8.685807,695.0
Italy,ITA,2010,11.43081,14.816,1.9057,9.1259,51.117,9.13,51.12,1.91,14.82,25.84002,6.966023,17.159544,5.7940000000000005,1.2436416,3.064684,3.592,0.25970128,0.64113325,9.046453,728.0
Italy,ITA,2011,12.443047,16.4867,10.7957,9.8564,45.823,9.86,45.82,10.8,16.48,27.67732,6.3270955,15.286582,6.918,1.3609407,3.2895174,13.131,1.4906362,3.6031227,6.8204136,728.0
Italy,ITA,2012,14.165737,18.0786,18.8617,13.4071,41.875,13.41,41.87,18.86,18.08,31.104963,5.9066763,14.122369,8.102,1.8911381,4.5230703,16.785,2.6605363,6.3613057,3.6217332,728.0
Italy,ITA,2013,17.610695,22.7493,21.5886,14.897,52.774,14.9,52.77,21.59,22.74,39.014874,7.738684,18.382277,8.542,2.184469,5.1903715,18.185,3.1657133,7.5208135,5.3124213,729.0
Italy,ITA,2014,19.739761,24.6487,22.3064,15.1783,58.545,15.18,58.55,22.31,24.64,43.497692,8.999735,21.103662,8.683,2.3332596,5.471453,18.594,3.4290154,8.041378,5.963248,768.0
Italy,ITA,2015,17.334675,25.5807,22.9422,14.8439,44.1053,14.84,45.54,22.94,25.57,38.757786,6.558825,16.20929,9.137,2.2074115,5.2820783,18.901,3.4116962,8.1651535,6.0315504,768.0
Italy,ITA,2016,17.009197,25.7972,22.1043,17.6887,40.6068,17.69,42.43,22.1,25.79,37.607937,5.9825654,14.773676,9.384,2.606061,6.1594706,19.283,3.2566078,7.694986,6.093992,767.0
Italy,ITA,2017,16.149738,25.5794,24.3777,17.7419,34.37274,17.74,36.2,24.38,25.57,35.41745,4.976216,12.34105,9.736578,2.5685332,6.0477962,19.682293,3.5292122,8.311459,7.311641,767.19
Italy,ITA,2018,17.727497,25.258,22.6538,17.7164,48.8248,17.72,48.79,22.65,25.25,39.810013,6.9688334,16.976929,10.230246,2.5286872,6.165837,20.10759,3.2334094,7.881276,7.8877335,767.19
Italy,ITA,2019,17.93995,25.6375,23.6889,20.0344,47.1548,20.2,46.32,23.69,25.619999,39.756306,6.8250337,15.898404,10.67946,2.8997145,6.933242,20.865275,3.4286547,8.131114,9.075994,767.0
Italy,ITA,2020,19.721262,25.654734,24.551,18.6082,45.728622,18.76,47.55,24.94,25.650002,42.039772,7.2984347,17.10001,10.870622,2.9699278,6.7465024,21.65004,3.918418,8.968965,12.99235,797.0
Italy,ITA,2021,18.36226,25.756252,25.066978,20.618114,43.05632,20.93,45.39,25.04,24.97,40.619434,6.3820415,15.849016,11.275622,3.0561287,7.3082156,22.69204,3.7155635,8.743321,12.720147,
Italy,ITA,2022,,,,,,19.91,29.94,27.73,24.029999,36.43764,,10.736571,,,7.139784,,,9.944058,,
Mexico,MEX,1965,8.934723,0.0,0.0,0.0,8.863,0.0,8.863,0.0,0.0,,8.934723,,,0.0,,,0.0,,,
Mexico,MEX,1966,9.63311,0.0,0.0,0.0,10.118,0.0,10.118,0.0,0.0,,9.63311,,,0.0,,,0.0,,,
Mexico,MEX,1967,10.291331,0.0,0.0,0.0,11.017,0.0,11.017,0.0,0.0,,10.291331,,,0.0,,,0.0,,,
Mexico,MEX,1968,10.842834,0.0,0.0,0.0,12.642,0.0,12.642,0.0,0.0,,10.842834,,,0.0,,,0.0,,,
Mexico,MEX,1969,10.4753,0.0,0.0,0.0,13.406,0.0,13.406,0.0,0.0,,10.4753,,,0.0,,,0.0,,,
Mexico,MEX,1970,10.981713,0.0,0.0,0.0,15.005,0.0,15.005,0.0,0.0,,10.981713,,,0.0,,,0.0,,,
Mexico,MEX,1971,10.142725,0.0,0.0,0.0,14.572,0.0,14.572,0.0,0.0,,10.142725,,,0.0,,,0.0,,,
Mexico,MEX,1972,9.780027,0.0,0.0,0.0,15.531,0.0,15.531,0.0,0.0,,9.780027,,,0.0,,,0.0,,,
Mexico,MEX,1973,9.648298,0.161,0.0,0.0,16.371,0.0,16.371,0.0,0.161,,9.558098,,,0.0,,,0.0,,,
Mexico,MEX,1974,9.094654,0.463,0.0,0.0,16.708,0.0,16.708,0.0,0.463,,8.859077,,,0.0,,,0.0,,,
Mexico,MEX,1975,7.7844524,0.518,0.0,0.0,15.182,0.0,15.182,0.0,0.518,,7.537663,,,0.0,,,0.0,,,
Mexico,MEX,1976,8.30845,0.579,0.0,0.0,17.255,0.0,17.255,0.0,0.579,,8.049266,,,0.0,,,0.0,,,
Mexico,MEX,1977,8.738277,0.592,0.0,0.0,19.193,0.0,19.193,0.0,0.592,,8.487074,,,0.0,,,0.0,,,
Mexico,MEX,1978,6.597964,0.598,0.0,0.0,16.217,0.0,16.217,0.0,0.598,,6.372474,,,0.0,,,0.0,,,
Mexico,MEX,1979,6.7473717,1.019,0.0,0.0,18.008,0.0,18.008,0.0,1.019,,6.399861,,,0.0,,,0.0,,,
Mexico,MEX,1980,5.803558,0.915,0.0,0.0,16.91,0.0,16.91,0.0,0.915,,5.5170903,,,0.0,,,0.0,,,
Mexico,MEX,1981,7.5373626,0.964,0.0,0.0,24.618,0.0,24.618,0.0,0.964,,7.264395,,,0.0,,,0.0,,,
Mexico,MEX,1982,6.8430967,1.296,0.0,0.0,22.924,0.0,22.924,0.0,1.296,,6.49096,,,0.0,,,0.0,,,
Mexico,MEX,1983,6.308686,1.353,0.0,0.0,20.733,0.0,20.733,0.0,1.353,,5.936908,,,0.0,,,0.0,,,
Mexico,MEX,1984,6.8312964,1.424,0.0,0.0,23.603,0.0,23.603,0.0,1.424,,6.457451,,,0.0,,,0.0,,,
Mexico,MEX,1985,7.82051,1.641,0.0,0.0,28.427292,0.0,28.427292,0.0,1.641,31.253574,7.410039,29.547886,,0.0,0.0,,0.0,0.0,,
Mexico,MEX,1986,6.596592,3.394,0.0,0.0,21.2975,0.0,21.2975,0.0,3.394,24.793179,5.7216263,21.3852,,0.0,0.0,,0.0,0.0,,
Mexico,MEX,1987,6.1185946,4.418,0.0,0.0,19.285194,0.0,19.285194,0.0,4.418,22.326666,5.0159335,18.165236,,0.0,0.0,,0.0,0.0,,
Mexico,MEX,1988,6.7846127,4.633,0.0,0.0,21.836111,0.0,21.836111,0.0,4.633,23.58453,5.636938,19.45643,,0.0,0.0,,0.0,0.0,,
Mexico,MEX,1989,7.2933803,4.675,0.0,0.0,25.354195,0.0,25.354195,0.0,4.675,25.014498,6.1969137,21.120195,,0.0,0.0,,0.0,0.0,,
Mexico,MEX,1990,6.8308434,5.124,0.001,0.001,24.480944,0.001,24.480944,0.001,5.124,25.177782,5.68796,20.818626,,0.00023135665,0.0008504013,,0.00023135665,0.0008504013,0.0,743.0
Mexico,MEX,1991,6.324605,5.8325124,0.002,0.001,22.625263,0.001,22.625263,0.002,5.8325124,22.136204,5.061256,17.597464,,0.00022275026,0.0007777794,,0.00044760195,0.0015555588,0.0,
Mexico,MEX,1992,7.251022,6.365523,0.003,0.001,26.813694,0.001,26.813694,0.003,6.365523,25.08641,5.8929014,20.27107,,0.00021883973,0.00075599697,,0.00065858365,0.002267991,0.0,
Mexico,MEX,1993,7.209392,6.4997606,0.004,0.001,26.65493,0.001,26.65493,0.004,6.4997606,24.627949,5.8281927,19.796814,,0.00021772584,0.00074270746,,0.0008750114,0.0029708298,0.0,
Mexico,MEX,1994,5.4481173,6.2185254,0.005,0.005,20.27132,0.005,20.27132,0.005,6.2185254,18.134733,4.1955853,13.872346,,0.0010343557,0.003421668,,0.0010343557,0.003421668,0.0,
Mexico,MEX,1995,7.1109824,6.4144435,0.005,0.007,27.598667,0.007,27.598667,0.005,6.4144435,22.629654,5.796837,18.355513,,0.0014699651,0.0046556084,,0.0010496932,0.0033254344,0.0,743.0
Mexico,MEX,1996,7.601215,6.184555,0.006,0.006,31.336277,0.006,31.336277,0.006,6.184555,23.968714,6.3794622,20.011553,,0.0012220396,0.0038316397,0.01,0.0012220396,0.0038316397,0.0,
Mexico,MEX,1997,6.423585,5.8832464,0.006,0.012,26.362097,0.012,26.362097,0.006,5.8832464,19.348513,5.279362,15.809502,0.002,0.0024031615,0.007196469,0.011,0.0012021264,0.0035982346,0.0,
Mexico,MEX,1998,5.862017,6.138586,0.007,0.015,24.592945,0.015,24.592945,0.007,6.138586,16.985353,4.7169094,13.582826,0.002,0.0028769819,0.008284587,0.012,0.0013423045,0.003866141,0.0,
Mexico,MEX,1999,7.305536,6.0600014,0.007,0.017,32.71232,0.017,32.71232,0.007,6.0600014,20.421417,6.1905947,17.218952,0.002,0.0032171444,0.008948377,0.013,0.0013244179,0.0036846262,0.0,
Mexico,MEX,2000,7.1508975,6.358645,0.007,0.019,33.07488,0.02,32.8,0.01,11.68,22.929117,5.977931,16.896765,0.017,0.0034340462,0.010302906,0.014,0.0012649014,0.005151453,0.0,855.0
Mexico,MEX,2001,6.3393073,6.247497,0.008,0.018,28.43533,0.02,28.22,0.01,11.309999,19.66496,5.1713114,14.027937,0.017,0.0032735253,0.009941841,0.015,0.0014547548,0.0049709203,0.0,838.0
Mexico,MEX,2002,5.4490385,6.07106,0.008,0.021,24.86159,0.02,24.7,0.01,10.940001,17.422094,4.355476,12.064081,0.018,0.00367897,0.009768487,0.016,0.001402138,0.0048842435,0.0,843.0
Mexico,MEX,2003,4.6524553,6.9497128,0.008,0.019,19.852205,0.02,19.68,0.01,12.4,15.853659,3.4287248,9.716599,0.018,0.00328153,0.009874593,0.016,0.0013813104,0.0049372963,0.0,960.0
Mexico,MEX,2004,5.303242,7.261834,0.009,0.02,25.176394,0.02,24.95,0.01,13.21,17.313446,4.0983152,11.311089,0.018,0.0032556818,0.0090670055,0.016,0.0014655973,0.0045335027,0.0,960.0
Mexico,MEX,2005,5.473337,8.137519,0.009,0.019,27.709446,0.02,27.38,0.01,14.88,18.278084,4.211103,11.833859,0.018,0.0028874904,0.008644164,0.016,0.0013681365,0.004322082,0.0,960.0
Mexico,MEX,2006,5.5860863,7.4873867,0.01,0.045,30.446474,0.06,30.09,0.01,13.469999,18.42561,4.456438,12.707462,0.101,0.006586638,0.025338909,0.016,0.0014637021,0.0042231516,0.0,960.0
Mexico,MEX,2007,5.209547,8.249913,0.009,0.248,27.339674,0.26,27.0,0.01,14.87,17.276155,3.9571528,11.069203,0.101,0.035895593,0.10659233,0.019,0.0013024505,0.004099705,0.0,960.0
Mexico,MEX,2008,6.696116,7.896158,0.019,0.255,39.223907,0.27,38.79,0.01,14.15,21.538712,5.520945,15.698733,0.101,0.035892416,0.109271936,0.019,0.0026743375,0.0040471083,0.0,963.0
Mexico,MEX,2009,4.9565783,7.547069,0.027,0.59635276,26.722006,0.6,26.45,0.01,13.53,16.536974,3.7718177,10.776126,0.425,0.08417534,0.24444899,0.0251,0.0038110623,0.0040741498,0.0,965.0
Mexico,MEX,2010,6.283124,7.4460497,0.031,1.2391111,37.15799,1.24,36.79,0.03,13.309999,19.42816,5.060967,13.913997,0.519,0.16876855,0.46896863,0.0298,0.0042222464,0.011346015,0.0,965.0
Mexico,MEX,2011,5.886854,7.3669243,0.041,1.6483214,36.27042,1.63,35.93,0.04,13.1,18.091637,4.685401,12.821154,0.601,0.21292964,0.5816443,0.0424,0.005296361,0.0142734805,0.0,887.0
Mexico,MEX,2012,5.4620795,6.7609353,0.069,3.6883104,31.910688,3.67,31.59,0.07,11.870001,16.575943,4.0740156,11.093942,1.815,0.47088408,1.2888498,0.0728,0.008809186,0.024582967,0.0,824.0
Mexico,MEX,2013,5.06007,7.322261,0.106,4.184544,28.021322,4.17,27.72,0.11,12.67,15.54929,3.5412524,9.649123,2.122,0.5288304,1.4515456,0.109,0.013395963,0.03829017,0.0,823.0
Mexico,MEX,2014,6.727102,7.1366343,0.221,6.4261966,38.89277,6.35,38.55,0.22,12.34,19.80082,4.907347,13.2844,2.569,0.81083405,2.1882215,0.174,0.027884968,0.0758124,0.0,813.0
Mexico,MEX,2015,6.0522633,7.632154,0.2021975,8.745094,30.89154,8.45,30.61,0.24,13.12,17.59769,3.8796492,10.2759495,3.271,1.098291,2.8367128,0.287,0.025393857,0.08056936,0.0,906.0
Mexico,MEX,2016,6.1314926,7.6092916,0.25227612,10.378095,30.697353,9.93,29.74,0.46,12.84,17.480696,3.7838523,9.814534,4.051,1.2792367,3.2770116,0.6326,0.031096343,0.15180516,0.0,926.0
Mexico,MEX,2017,6.372722,8.123817,1.1865062,10.6197815,31.847656,9.91,31.74,1.07,13.16,18.075953,3.84663,10.267193,4.199372,1.2826806,3.2056673,1.12574,0.14330882,0.34612152,0.0,925.7
Mexico,MEX,2018,6.939361,7.648148,3.18,13.088611,32.485554,12.53,32.3,1.36,12.59,17.703753,3.9177847,9.72833,4.875635,1.5784972,3.7738693,2.541,0.3835106,0.40961388,0.0,950.6
Mexico,MEX,2019,7.0507708,7.452208,7.366667,16.726667,23.608055,16.78,23.54,6.97,11.71,18.548794,2.9550245,7.4006543,6.050260000000001,2.09368,5.275403,4.426208,0.922087,2.1912727,0.0,935.6
Mexico,MEX,2020,9.475372,7.0345683,9.452778,19.70226,26.935242,19.77,26.74,11.24,11.440001,21.255222,3.9604142,8.214549,6.504433,2.896915,6.07336,5.149,1.389886,3.452937,0.0,906.0
Mexico,MEX,2021,10.514754,6.9060345,11.907885,20.90211,34.722054,20.97,34.47,14.16,11.05,23.9353,4.817839,10.230004,7.69153,2.9002602,6.223475,7.026,1.6522719,4.2024035,0.0,
United States,USA,1965,4.36887,13.332232,0.0,0.0,198.97409,0.0,198.97409,0.0,13.332232,,4.074629,,,0.0,,,0.0,,,
United States,USA,1966,4.171402,14.062007,0.0,0.0,199.9369,0.0,199.9369,0.0,14.062007,,3.8774655,,,0.0,,,0.0,,,
United States,USA,1967,4.542216,14.073571,0.0,0.0,227.22081,0.0,227.22081,0.0,14.073571,,4.258249,,,0.0,,,0.0,,,
United States,USA,1968,4.3309736,15.546045,0.0,0.0,228.15471,0.0,228.15471,0.0,15.546045,,4.0351424,,,0.0,,,0.0,,,
United States,USA,1969,4.5988784,16.22706,0.0,0.0,256.02853,0.0,256.02853,0.0,16.22706,,4.3056097,,,0.0,,,0.0,,,
United States,USA,1970,4.400803,16.235903,0.0,0.0,253.49237,0.0,253.49237,0.0,16.235903,,4.1172185,,,0.0,,,0.0,,,
United States,USA,1971,4.614475,16.584414,0.0,0.0,272.254,0.0,272.254,0.0,16.584414,,4.3307962,,,0.0,,,0.0,,,
United States,USA,1972,4.526047,18.67298,0.0,0.0,278.71597,0.0,278.71597,0.0,18.67298,,4.2234125,,,0.0,,,0.0,,,
United States,USA,1973,4.3547597,19.989693,0.0,0.0,278.2127,0.0,278.2127,0.0,19.989693,,4.0446424,,,0.0,,,0.0,,,
United States,USA,1974,4.902865,20.404264,0.0,0.0,307.28464,0.0,307.28464,0.0,20.404264,,4.5792236,,,0.0,,,0.0,,,
United States,USA,1975,5.006975,19.754301,0.0,0.0,306.2148,0.0,306.2148,0.0,19.754301,,4.6868434,,,0.0,,,0.0,,,
United States,USA,1976,4.5527077,22.564754,0.0,0.0,289.82245,0.0,289.82245,0.0,22.564754,,4.2058325,,,0.0,,,0.0,,,
United States,USA,1977,3.549314,23.536121,0.0,0.0,225.85725,0.0,225.85725,0.0,23.536121,,3.196156,,,0.0,,,0.0,,,
United States,USA,1978,4.3275704,24.678787,0.0,0.0,286.32852,0.0,286.32852,0.0,24.678787,,3.963944,,,0.0,,,0.0,,,
United States,USA,1979,4.2914057,25.756037,0.0,0.0,285.93533,0.0,285.93533,0.0,25.756037,,3.9172165,,,0.0,,,0.0,,,
United States,USA,1980,4.419221,26.656116,0.0,0.0,282.0021,0.0,282.0021,0.0,26.656116,,4.0183063,,,0.0,,,0.0,,,
United States,USA,1981,4.3367486,27.377604,0.0,0.0,266.50977,0.0,266.50977,0.0,27.377604,,3.9133127,,,0.0,,,0.0,,,
United States,USA,1982,5.2567115,26.405048,0.0,0.0,315.5293,0.0,315.5293,0.0,26.405048,,4.8297443,,,0.0,,,0.0,,,
United States,USA,1983,5.6848154,29.8046,0.003,0.002694949,338.67764,0.002694949,338.67764,0.003,29.8046,,5.202278,,,4.1413e-05,,,4.6030476e-05,,,
United States,USA,1984,5.3343606,35.595325,0.00530101,0.006555556,327.58725,0.006555556,327.58725,0.00530101,35.595325,,4.7869487,,,9.581531e-05,,,7.742097e-05,,,
United States,USA,1985,4.765776,36.392895,0.010737374,0.005820202,287.18237,0.005820202,287.18237,0.010737374,36.392895,12.178154,4.2072177,10.80791,,8.532507e-05,0.00021903927,,0.00015730227,0.00040409362,,
United States,USA,1986,4.898404,38.70167,0.014173737,0.004231313,296.97498,0.004231313,296.97498,0.014173737,38.70167,12.544127,4.3105893,11.097251,,6.135883e-05,0.00015811413,,0.00020573207,0.00052963896,,
United States,USA,1987,4.2147536,42.665432,0.01060303,0.003576768,255.4102,0.003576768,255.4102,0.01060303,42.665432,10.752804,3.5868316,9.213249,,5.026266e-05,0.00012902248,,0.0001489028,0.00038247634,,
United States,USA,1988,3.6649997,42.394062,0.009185859,0.000879798,228.38464,0.000879798,228.38464,0.009185859,42.394062,9.291262,3.0676105,7.8362975,,1.1822808e-05,3.018749e-05,,0.00012340135,0.00031518372,,
United States,USA,1989,4.3015428,48.854267,0.2531323,2.1333768,274.72418,2.1333768,274.72418,0.2531323,48.854267,10.330222,3.6027658,8.70634,,0.02797736,0.06760928,,0.0033196073,0.008022067,,
United States,USA,1990,4.7246766,57.459316,0.37079495,2.8167677,292.2809,2.8167677,292.2809,0.37079495,57.459316,10.917163,3.8230917,9.041164,,0.036843874,0.08713145,,0.0048500705,0.011469849,16.732742,2913.5
United States,USA,1991,4.7242856,60.55176,0.4782529,2.9807587,287.32602,2.9807587,287.32602,0.4782529,60.55176,10.741865,3.7633247,8.784782,,0.039041236,0.09113451,,0.006264038,0.014622231,19.388733,
United States,USA,1992,4.261231,64.815414,0.40884447,2.9166899,251.42567,2.9166899,251.42567,0.40884447,64.815414,9.729862,3.2452393,7.655172,,0.037646737,0.08880461,,0.0052770986,0.01244811,22.044724,
United States,USA,1993,4.5714097,66.92472,0.47516188,3.0361888,279.25095,3.0361888,279.25095,0.47516188,66.92472,10.2707815,3.530317,8.201978,,0.03838379,0.08917698,,0.0060070422,0.013956148,25.833727,
United States,USA,1994,4.2548165,66.35486,0.5018728,3.4819283,259.3413,3.4819283,259.3413,0.5018728,66.35486,9.532383,3.2193832,7.4986076,,0.04322358,0.100676656,,0.006230094,0.014511175,28.846283,
United States,USA,1995,4.762141,63.26508,0.5144716,3.1962152,311.21982,3.1962152,311.21982,0.5144716,63.26508,10.601639,3.7807684,8.724164,,0.038828343,0.089596815,,0.0062499167,0.01442175,30.384048,3170.96
United States,USA,1996,5.0185714,64.82596,0.54134125,3.2667363,347.54947,3.2667363,347.54947,0.54134125,64.82596,11.360623,4.084431,9.487109,,0.038390968,0.08917259,0.0139,0.0063618887,0.014777073,21.78628,
United States,USA,1997,5.115221,65.82008,0.5326957,3.3212476,355.9731,3.3212476,355.9731,0.5326957,65.82008,11.45328,4.152261,9.578498,1.611,0.038740803,0.089367874,0.0146,0.0062136473,0.014333735,28.832184,
United States,USA,1998,4.695757,65.61713,0.52465934,3.0562587,322.08926,3.0562587,322.08926,0.52465934,65.61713,10.147997,3.7331295,8.353353,2.141,0.035423122,0.079263754,0.0152,0.006080988,0.013606987,31.444319,
United States,USA,1999,4.5834517,66.47772,0.5183421,4.5333314,316.6052,4.5333314,316.6052,0.5183421,66.47772,9.860898,3.6056008,8.043632,2.445,0.05162703,0.11517324,0.0166,0.005903045,0.013168934,32.786575,
United States,USA,2000,4.027357,66.582825,0.51851267,5.649759,272.76135,5.59,270.03,0.49,74.82,9.229899,3.0383854,7.1021276,2.377,0.06293467,0.147024,0.176,0.0057758964,0.012887615,36.307648,2793.0
United States,USA,2001,3.421371,66.83044,0.5743511,6.8053846,210.24,6.74,208.14,0.54,64.64,7.5132055,2.3835363,5.5837984,3.864,0.07715412,0.18081485,0.213,0.006511542,0.01448665,39.801285,2216.0
United States,USA,2002,4.0155067,71.78936,0.6015976,10.458869,258.16757,10.35,255.59,0.55,69.85,8.749216,2.8654375,6.648666,4.417,0.11608443,0.2692347,0.255,0.0066772145,0.014307156,48.259228,2252.0
United States,USA,2003,4.1800404,71.33214,0.6106543,11.30047,269.97098,11.19,267.27,0.53,70.19,9.025211,2.967953,6.9080935,5.995,0.12423286,0.2892265,0.293,0.00671329,0.013698841,63.254505,2133.0
United States,USA,2004,4.1015115,71.94537,0.69813246,14.286607,262.55466,14.14,259.93,0.58,70.490005,8.73341,2.8128626,6.5772595,6.456,0.15305866,0.35779804,0.363,0.0074793976,0.014676299,77.1594,2152.0
United States,USA,2005,4.219231,72.59806,0.74890065,17.990454,266.42773,17.81,263.76,0.55,70.92,8.749464,2.834965,6.536819,8.706,0.19143015,0.44138896,0.493,0.007968791,0.013630765,90.5215,2285.0
United States,USA,2006,4.6788607,73.08227,0.82443213,26.857714,285.544,26.59,282.69,0.51,71.37,9.418474,3.0432415,6.9852777,11.329,0.28624138,0.65703964,0.6980000000000001,0.008786548,0.012602114,117.979416,2274.0
United States,USA,2007,4.3730087,73.86955,1.0954105,34.797905,243.04407,34.45,240.61,0.61,72.240005,8.39841,2.539321,5.8082304,16.515,0.36356807,0.8316094,0.974,0.011444834,0.014725159,162.89944,2214.0
United States,USA,2008,5.0045505,73.551476,1.6330626,55.922325,251.05386,55.36,248.54,0.86,72.35,9.1809435,2.6716993,6.0508385,24.651,0.59512186,1.3477687,1.153,0.017378947,0.020937158,231.80676,2229.0
United States,USA,2009,5.8000064,73.15986,2.0759604,74.632454,271.53308,73.89,268.82,0.89,71.96,10.547689,3.0205047,6.8231544,34.296,0.8302034,1.8754663,1.614,0.023092758,0.022589864,262.64377,2382.0
United States,USA,2010,5.8405547,75.061844,3.0130365,95.60833,257.2747,94.65,254.7,1.21,73.92,10.3180895,2.7515795,6.1911454,39.135,1.0225409,2.3007143,2.9090000000000003,0.032224737,0.029412193,309.5003,2405.0
United States,USA,2011,6.8973193,75.77516,4.738904,121.3905,316.09534,120.18,312.93,1.82,74.81,12.466525,3.38955,7.6532145,45.676,1.3016932,2.9391983,5.172,0.05081616,0.044511072,345.2215,2409.0
United States,USA,2012,6.886334,77.0361,9.037014,142.24414,274.03003,140.82,271.29,4.33,75.88,12.184118,2.9997473,6.713986,59.075,1.5571158,3.485066,8.137,0.09892624,0.10716045,330.10876,2592.0
United States,USA,2013,7.1346164,80.665535,16.039696,169.5351,266.54984,167.84,263.88,9.04,79.62,12.831115,2.8236425,6.5065427,59.973,1.7959362,4.138465,11.759,0.16991329,0.2229011,344.545,2607.0
United States,USA,2014,7.262891,84.07023,29.216162,183.49019,255.75058,181.65,253.19,28.92,83.07,13.35031,2.6652083,6.1813817,64.23201999999999,1.9121739,4.434804,15.984,0.30446523,0.706053,364.5882,2514.0
United States,USA,2015,7.468743,83.73627,39.42626,192.645,246.45312,190.72,243.99,39.03,82.75,13.626135,2.5777395,5.9743047,72.57302,2.0149415,4.669943,21.684,0.41237307,0.95568305,375.11325,2542.0
United States,USA,2016,8.285086,82.722565,55.4202,229.28542,263.76367,226.99,261.13,54.87,81.92,15.288093,2.7450182,6.3884077,81.286,2.3861992,5.5531907,32.958,0.57676435,1.3423656,399.23404,2517.0
United States,USA,2017,9.082049,82.80032,78.05758,256.8714,296.80646,254.3,293.84,77.28,81.770004,17.451527,3.0593252,7.2511725,87.59700000000001,2.6476958,6.275433,41.357,0.8045766,1.9070604,411.9172,2483.0
United States,USA,2018,8.964939,81.8932,94.30808,275.42166,289.5146,272.67,286.62,93.36,80.520004,17.44999,2.8621294,6.8217683,94.516,2.7228076,6.4897485,49.812,0.9323259,2.2220373,424.44006,2540.5
United States,USA,2019,9.315263,76.82054,107.97374,298.8712,285.46765,295.88,282.61,106.89,75.38,18.294624,2.8319073,6.796156,104.0522,2.9648738,7.115271,59.068,1.0711253,2.5704722,412.82147,2555.3
United States,USA,2020,10.532232,74.30732,132.04141,341.35156,282.7805,337.94,279.95,130.72,72.79,20.315693,3.0197885,6.924006,118.7317,3.645264,8.358273,73.8137,1.4100589,3.2330987,374.58826,2587.0
United States,USA,2021,10.655991,75.490265,165.35657,383.60327,257.6901,378.2,246.47,164.42,72.49,20.749863,2.6109571,5.9358606,132.7376,3.88673,9.10838,93.713016,1.6754191,3.9598093,398.84695,
